NameFirst,NameLast,CurrentHandle,CountryCode,WorldRanking,CountryRanking,TotalUSDPrize,TotalTournaments
Johan,Sundstein,N0tail,dk,1,1,7184163.05,130
Jesse,Vainikka,JerAx,fi,2,1,6486623.98,68
Anathan,Pham,ana,au,3,1,6024411.96,26
Yaroslav,Naidenov,Miposhka,ru,4,1,6011771.49,121
Sébastien,Debs,Ceb,fr,5,1,5949442.73,82
Topias,Taavitsainen,Topson,fi,6,2,5898810.60,44
Magomed,Khalilov,Collapse,ru,7,2,5724111.07,61
Ilya,Mulyarchuk,Yatoro,ua,8,1,5716736.05,57
Miroslaw,Kolpakov,Mira,ua,9,2,5593899.05,51
Kuro,Takhasomi,KuroKy,de,10,1,5295698.85,135
Amer,Al-Barkawi,Miracle-,jo,11,1,4913585.26,86
Lasse,Urpalainen,Matumbaman,fi,12,3,4873086.24,87
Ivan,Ivanov,MinD_ContRoL,bg,13,1,4704032.25,96
Alexander,Khertek,TORONTOTOKYO,ru,14,3,4494863.50,49
Maroun,Merhej,GH,lb,15,1,4350887.60,80
Clement,Ivanov,Puppey,ee,16,1,4342228.38,164
Ludwig,Wåhlberg,Zai,se,17,1,4292756.02,126
Chunyu,Wang,Ame,cn,18,1,4273479.27,87
Sumail,Hassan,SumaiL,pk,19,1,4128055.98,102
Yiping,Zhang,y`,cn,20,2,4044742.20,93
Ruida,Zhang,Faith_bian,cn,21,3,3954981.98,86
Michał,Jankowski,Nisha,pl,22,1,3745426.48,102
Kyle,Giersdorf,Bugha,us,23,1,3744925.05,148
Martin,Sazdov,Saksa,mk,24,1,3611111.18,86
Neta,Shapira,33,il,25,1,3365479.03,106
Yao,Lu,Somnus,cn,26,4,3311808.66,93
Andreas,Nielsen,Cr1t,dk,27,2,3247429.18,122
Jingjun,Wu,Sneyking,us,28,2,3202529.59,119
Linsen,Xu,fy,cn,29,5,3159545.98,112
Saahil,Arora,UNiVeRsE,us,30,3,3057237.67,95
Peter,Dager,ppd,us,31,4,3029331.36,96
Tal,Aizik,Fly,il,32,2,2884903.39,152
Oliver,Lepko,Skiter,sk,33,1,2851493.15,97
Gustav,Magnusson,s4,se,34,2,2749194.70,143
Artour,Babaev,Arteezy,ca,35,1,2714369.91,127
Clinton,Loomis,Fear,us,36,5,2564904.63,104
Liangzhi,Hu,KaKa,cn,37,6,2548691.89,107
Yazied,Jaradat,YapzOr,jo,38,2,2298690.64,68
Aliwi,Omar,w33,ro,39,1,2294325.43,70
Zixing,Zhao,XinQ,cn,40,7,2273760.44,69
Peter,Rasmussen,dupreeh,dk,41,3,2225525.08,198
Roman,Kushnarev,RAMZES666,ru,42,4,2207611.08,111
David,Wang,Aqua,at,43,1,2197375.23,103
Jian Wei,Yap,xNova,my,44,1,2146691.12,76
Samuel,Svahn,Boxi,se,45,3,2132343.66,109
Aydin,Sarkohi,iNsania,se,46,4,2130759.69,125
Michael,Vu,miCKE,se,47,5,2126336.42,115
Marcus,Hoelgaard,Ace,dk,48,4,2087817.11,129
Kurtis,Ling,Aui_2000,ca,50,2,2073582.54,89
Roman,Fominok,Resolut1on,ua,51,3,2063162.95,115
Nicolai,Reedtz,dev1ce,dk,49,5,2080664.98,191
Finn,Andersen,karrigan,dk,52,6,2059202.62,253
Leon,Kirilin,Nine,de,53,2,2058860.94,59
Shenyi,Yang,Chalice,cn,54,8,2040114.72,56
Aleksey,Berezin,Solo,ru,55,5,2038081.34,121
Peng,Li,iceice,cn,56,9,2005164.63,27
Andreas,Højsleth,Xyp9x,dk,57,7,2003061.83,200
Zeyu,Chu,Shadow,cn,58,10,1982030.82,29
Jin Xiang,Cheng,NothingToSay,my,59,2,1974694.93,56
Vladimir,Minenko,Noone,ua,60,4,1960799.78,111
Yang,Zhou,bLink,cn,61,11,1960761.59,26
Harrison,Chang,psalm,us,62,6,1959500.00,60
Quinn,Callahan,Quinn,us,63,7,1947970.27,87
Siyuan,Luo,HuaHai,cn,64,12,1941993.39,23
Emil,Reif,Magisk,dk,65,8,1934223.63,144
Lukas,Rossander,gla1ve,dk,66,9,1929503.03,190
Yeik Nai,Zheng,MidOne,my,67,3,1896531.44,82
Tyler,Pharris,aBeZy,us,68,8,1882655.68,71
Ning,Zhang,xiao8,cn,69,13,1877518.06,58
Bicheng,Xu,Yinuo,cn,70,14,1871202.59,25
Damien,Chok,kpii,au,71,2,1865667.57,88
Shane,Cotton,EpikWhale,us,72,9,1838487.32,125
Denis,Sigitov,Larl,ru,73,6,1831224.07,45
Christopher,Lehr,Simp,us,74,10,1830078.33,63
Håvard,Nygaard,rain,no,75,1,1819816.24,181
Sang Hyeok,Lee,Faker,kr,76,1,1816084.56,72
Daryl Koh,Pei Xiang,iceiceice,sg,77,1,1812855.42,111
Yunfei,Peng,Fly,cn,78,15,1767497.60,28
Hongda,Zeng,Faith,cn,79,16,1764633.21,108
Junhao,Xie,Super,cn,80,17,1764310.33,94
Russel,Van Dulken,Twistzz,ca,81,3,1763893.10,146
Zhihao,Chen,Hao,cn,82,18,1761674.53,60
Dan,Madesclaire,apEX,fr,83,2,1747015.64,239
Pavel,Khvastunov,9pasha,ru,84,7,1733385.13,82
Oleksandr,Kostyljev,s1mple,ua,85,5,1722255.32,153
Zhengzheng,Chen,Cat,cn,86,19,1716947.58,22
Daheng,Li,Pang,cn,87,20,1682659.41,13
McArthur,Jovel,Cellium,us,88,11,1674298.93,75
Joona,Sotala,Serral,fi,89,4,1666325.57,183
Robin,Kool,ropz,ee,90,2,1661577.41,136
Letian,Zhong,1dao,cn,91,21,1656199.27,18
Denis,Sharipov,electroNic,ru,92,8,1650967.01,132
Nikola,Kovač,NiKo,ba,93,1,1636760.15,185
Youqi,Cai,Yu,cn,94,22,1626161.52,17
Anas,El-Abd,Anas,dk,95,10,1622990.05,139
Yangwei,Ren,old eLeVeN,cn,96,23,1570503.07,77
Emil,Bergquist Pedersen,Nyhrox,no,97,2,1543145.69,33
Peng,Du,Monet,cn,98,24,1535720.98,78
Yaoqin,Huang,QingRong,cn,99,25,1535223.32,18
Zhicheng,Zhang,LaNm,cn,100,26,1529400.71,82
Jiaoyang,Zeng,Ori,cn,101,27,1527561.42,76
Magnus,Carlsen,MagnusCarlsen,no,102,3,1521051.02,145
Michał,Kamiński,Kami,pl,103,2,1513689.20,169
Tianlong,Wang,Alan,cn,104,28,1508589.45,18
Lin,Jing,Xxs,cn,105,29,1508341.42,96
Rasmus,Fillipsen,MiSeRy,dk,106,11,1505197.74,94
Anton,Shkredov,dyrachYO,ru,107,9,1455949.60,54
-,-,Kakeru,jp,108,1,1455614.85,15
Alec,Sanderson,Arcitys,us,110,12,1426929.09,62
Valeriy,Vakhovskiy,B1t,ua,109,6,1431957.70,71
Ian,Porter,C6,us,111,13,1418092.80,172
Adrian,Trinks,FATA,de,112,3,1410552.48,121
Tianhao,Liu,YiZ,cn,113,30,1407681.64,21
Chao,Lu,Fenrir,cn,114,31,1406042.25,77
Vladimir,Nikogosyan,RodjER,am,115,1,1404636.10,72
Yang,Fan,Fanfan,cn,116,32,1403112.86,17
Bocheng,Zhu,paraboy,cn,117,33,1399954.36,40
Pan,Zhang,Mu,cn,118,34,1390711.71,48
Melchior,Hillenkamp,Seleri,nl,119,1,1382064.91,91
Jaden,Ashman,Wolfiez,gb,120,1,1368308.07,58
Sung Choo,Cho,Maru,kr,121,2,1356351.22,202
Erik,Engel,tOfu,de,122,4,1354831.70,60
Fa Ming,Liang,DDC,mo,123,1,1344720.91,79
Williams,Aubin,Zayt,ca,124,4,1331781.42,72
Thomas Høxbro,Davidsen,Th0masHD,dk,125,12,1330476.44,217
Yang,Xiang,ZiYang,cn,126,35,1325717.83,15
Zehai,Zeng,Order,cn,127,36,1321100.02,32
Anthony,Cuevas-Castro,Shotzzy,us,128,14,1310650.00,81
Cong,Ding,Dy,cn,129,37,1309787.36,63
Matthew,Piper,FormaL,us,130,15,1298932.18,159
Keith,Markovic,NAF,ca,131,5,1298682.06,169
Heng,Lin,NuanYang,cn,132,38,1290681.49,23
Chun,Song,Sccc,cn,133,39,1287091.81,76
Wang,Jiao,Banana,cn,134,40,1283122.84,46
Anucha,Jirawong,Jabz,th,135,1,1280581.39,97
Jiahao,Chen,ZhongYi,cn,136,41,1266318.50,7
Mathieu,Herbaut,ZywOo,fr,138,3,1259234.31,125
Yin-Jun,Xu,Jimmy,tw,139,1,1254709.26,31
Gabriel,Toledo,FalleN,br,137,1,1263415.79,196
Jonathan,Jablonowski,ELiGE,us,140,16,1253096.02,178
Jung Young,Park,Loki,kr,141,3,1245451.79,47
Nate,Kou,Kreo,hk,142,1,1244334.74,60
Chengjun,Zhang,Paparazi,cn,143,42,1242751.39,78
James,Eubanks,Clayster,us,144,17,1233646.68,144
Kenneth,Williams,Kenny,us,145,18,1230728.33,60
Hidema,Kakinuma,kakip,jp,146,2,1228551.54,1
Jiajun,Liu,Sylar,cn,147,43,1226897.63,92
Chengjun,Xie,CS,cn,148,44,1225409.26,9
Tai,Starčič,TaySon,si,149,1,1223513.70,186
Han,Xu,Moogy,cn,150,45,1221917.10,56
Dave,Jong,Rojo,nl,151,2,1215593.33,24
Rocco,Morales,Saf,us,152,19,1210207.02,82
Jakey,Yip,Stewie2k,us,153,20,1208508.91,190
Zhaohui,Wang,SanSheng,cn,154,46,1207851.58,47
Aleksa,Cvetkovic,Queasy,rs,155,1,1204712.10,197
Helvijs,Saukants,broky,lv,156,1,1204432.41,143
Davis,McClellan,Ceice,us,157,21,1202765.47,80
Thiago,Bautista Lapp,k1nG,ar,158,1,1196325.00,72
Ilya,Zalutskiy,Perfecto,ru,159,10,1195570.78,77
Ryung Woo,Park,Dark,kr,160,4,1194415.22,439
Seth,Abner,Scump,us,161,22,1193755.35,172
Zhengzheng,Yao,Yao,cn,162,47,1192164.18,66
Chon Kien,Chan,Oli,my,163,4,1186104.10,70
Ming,Liu,XuanRan,cn,164,48,1180414.42,7
Iwo,Zając,Setty,pl,165,3,1160281.81,133
Kirill Sergeyevich,Mikhailov,Boombl4,ru,167,12,1153538.54,94
Vitalie,Melnic,Save-,md,168,1,1145106.81,47
Zhibiao,Ye,BoBoKa,cn,169,49,1142352.35,97
Ammar,Al-Assaf,ATF,jo,170,3,1141564.71,47
Danil,Skutin,gpk,ru,171,13,1121803.40,62
Dmitry,Sokolov,sh1ro,ru,166,11,1153625.59,92
Zengrong,Lei,MMY!,cn,172,50,1111886.25,68
Egor,Grigorenko,Nightfall,ru,173,14,1111864.00,48
Nicholas,Cannella,nitr0,us,174,23,1108586.23,156
David,Tan,MoonMeander,ca,175,6,1103701.61,92
Linwei,Sun,TanRan,cn,176,51,1098011.24,14
Epitácio,de Melo,TACO,br,177,2,1096161.48,131
Djardel Jicko,Mampusti,DJ,ph,178,1,1091925.12,90
Yuhao,Li,XingYu,cn,179,52,1086350.74,21
Bin,Fu,Q,cn,180,53,1081544.74,46
Fernando,Alvarenga,fer,br,181,3,1078891.52,133
Byung Ryul,Lee,Rogue,kr,182,5,1078863.80,271
Hikaru,Nakamura,Hikaru,us,183,24,1073458.71,339
Marcelo,David,coldzera,br,184,4,1063867.75,145
Kuku,Palad,Kuku,ph,185,2,1063804.10,73
Yi-en,Lin,King,tw,186,2,1062992.63,21
Egor,Vasilyev,flamie,ru,187,15,1041856.83,141
Dylan,Hannon,Envoy,us,188,25,1037729.16,68
Yee Fung,Chai,Mushi,my,189,5,1028588.67,93
Henry,Leverette,Henry,us,190,26,1028375.00,17
Matthew,Filemon,Whitemon,id,191,1,1020261.87,60
Danila,Yakovenko,Malibuca,ru,192,16,1016605.32,168
Austin,Liddicoat,Slasher,us,193,27,1015583.40,103
Timothy,Randrup,Tims,ph,194,3,1015232.55,74
Freddy,Johansson,KRiMZ,se,195,6,1015061.90,174
Matthew,Faitel,mero,ca,196,7,1014450.00,81
Wang,Yuan-hao,UMA,tw,197,3,1005576.20,6
Ryutaro,Okumoto,feg,jp,198,3,1003000.00,2
-,-,sasamumu,tw,199,4,1000000.00,1
Johan,Åström,pieliedie,se,200,7,994746.71,88
Hayden,Krueger,Elevate,ca,201,8,994373.20,34
Jacky,Mao,EternaLEnVy,ca,202,9,992684.79,112
Preston,Greiner,Priestahh,us,203,28,992529.18,60
Haiyang,Zhou,Yang,cn,204,54,992463.55,69
Bradley,Bergstrom,Frosty,us,205,29,991965.00,84
Nemanja,Kovač,huNter,ba,206,2,991400.65,126
Paul,Duarte,SnakeBite,us,207,30,971190.00,97
Mohamed,Tarek,Mohamed Light,eg,208,1,960808.01,49
Ho Seong,Lee,Duke,kr,209,6,959072.51,28
Remco,Arets,Crystallis,nl,210,3,949531.92,50
Mathew,Fiorante,Royal 2,ca,211,10,942052.50,83
Tao,Yang,NoFear,cn,212,55,941698.53,18
Olof,Kajbjer,olofmeister,se,213,8,940855.42,161
Ilya,Ilyuk,Lil,ua,214,7,940510.18,79
Guixin,Guo,NuoYan,cn,215,56,938449.81,15
Jesper,Wecksell,JW,se,217,9,929251.08,190
Janusz,Pogorzelski,snax,pl,216,4,931969.12,180
Wenbo,Yu,JackeyLove,cn,218,57,926556.68,28
Evan,Rogez,M0nkey M00n,fr,219,4,925612.32,99
Jun Sik,Bae,Bang,kr,220,7,915941.68,34
Jae Wan,Lee,Wolf,kr,221,8,913167.87,35
Philip,Dosen,ImperialHal,us,222,31,907471.09,118
Marc Polo,Luis Fausto,Raven,ph,223,4,905759.42,56
Seung Hoon,Cha,Pio,kr,224,9,905337.92,46
Zhejie,Wu,ZiMo,cn,225,58,902977.28,13
Jinxiang,Wu,QingQing,cn,226,59,902161.94,19
Cuyler,Garland,Huke,us,227,32,901785.58,100
Abed,Yusop,Abed,ph,228,5,900796.69,66
David,Hull,Moo,us,229,33,899311.33,76
Zhilei,Xu,BurNIng,cn,230,60,896625.35,78
Wesley,So,GMWSO,us,231,34,895411.64,71
Robin,Rönnquist,flusha,se,232,10,888552.89,191
James,Giezen,TGLTN,au,233,3,888143.25,64
Sam,Larew,Octane,us,234,35,886948.75,75
Hunter,Winn,hwinn,us,235,36,877971.94,62
Jae Dong,Lee,Jaedong,kr,236,10,876398.79,258
Zack,Jordan,Drazah,us,237,37,876025.00,50
Tristan,Nowicky,Shrimzy,us,238,38,875913.44,58
Jeong-wan,Go,ESTH3R,kr,239,11,871858.71,30
Zheng,Sun,Agressif,cn,240,61,871452.21,43
Nathan,Schmitt,NBK,fr,241,5,870287.26,209
Clément,Danglot,Skite,fr,242,6,870019.77,61
Hao,Wang,N9,cn,243,62,867059.42,58
Tobias,Jønsson,CleanX,dk,244,13,862901.87,41
Bakyt,Emilzhanov,Zayac,kg,245,1,861284.52,66
Harry,Pearson,Veno,gb,246,2,857928.89,119
Abay,Khassenov,HObbit,kz,247,1,856161.12,114
Richard,Papillon,shox,fr,248,7,854303.99,226
Artsiom,Barshak,fng,by,249,1,853120.41,124
Nicolas,Villalba,Nicolas99FC,ar,250,2,851431.49,54
Yuanhao,Li,Xiaohu,cn,251,63,850114.07,40
Jannis,Matwin,JannisZ,de,252,5,846713.18,156
Jun Wen,Thiay,JT-,my,253,6,844446.32,63
Damon,Barlow,Karma,ca,254,11,842837.25,127
Nuengnara,Teeramahanon,23savage,th,255,2,841580.26,52
Tue Soon,Chuan,Ah-fu,my,256,7,840619.35,52
Clément,Desplanches,Clem,fr,258,8,832707.39,462
Dmitri,Van de Vrie,Mitr0,nl,259,4,830344.81,105
Jamie,Craven,Insight,gb,260,3,830182.26,57
Danil,Ishutin,Dendi,ua,261,8,828082.53,131
Dmitrii,Dorokhin,DM,ru,262,18,827118.14,58
Tao,Wang,JiuKu,cn,263,64,825805.95,17
Doo-young,Kim,DuBu,kr,264,12,823849.65,51
Stanislav,Potorak,Malr1ne,ru,266,19,819562.93,38
Jae Hyuk,Park,Ruler,kr,267,13,815773.29,35
Aleksi,Virolainen,Aleksib,fi,265,5,821741.03,123
Ladislav,Kovács,GuardiaN,sk,268,2,812938.18,167
Ivan,Moskalenko,Pure,ru,269,20,811793.47,36
Seong Ung,Bae,Bengi,kr,270,14,810882.84,21
Dominique,Mclean,SonicFox,us,271,39,809747.54,147
Riccardo,Romiti,Reynor,it,272,1,804459.73,259
Fan,Bai,rOtK,cn,273,65,800232.07,52
Shin Hyung,Lee,INnoVation,kr,274,15,799192.66,297
Leonid,Vishnyakov,Chopper,ru,257,17,838351.78,104
Tarik,Celik,tarik,us,275,40,797339.21,149
Danylo,Teslenko,Zeus,ua,276,9,792585.87,204
Diego,Lima,Arkhram,us,277,41,791861.68,72
Anders,Vejrgang,Vejrgang,dk,278,14,790987.09,26
Tony,Campbell,Lethul,us,279,42,790771.25,90
Stephane,Lebleu,Shaiiko,fr,281,9,788541.49,51
Jae Ho,Jang,Moon,kr,282,16,782559.43,276
Yong In,Jo,CoreJJ,kr,283,17,782465.36,43
Benjy David,Fish,BenjyFishy,gb,284,4,782337.52,153
Bozhidar,Bozhilov,bzm,bg,285,2,781289.30,42
Zhiyi,Jin,flyfly,cn,286,66,780184.65,52
Tao,Jiang,Adou,cn,287,67,780182.01,18
Wang Ho,Han,Peanut,kr,288,18,771351.93,41
Lotan,Giladi,Spinx,il,289,3,764518.33,77
Patrik,Lindberg,f0rest,se,290,11,763991.04,275
Filip,Kubski,neo,pl,291,5,762311.73,238
Matthew,Tinsley,Kismet,us,292,43,761958.33,48
Brandon,Otell,Dashy,ca,293,12,760147.99,63
Dzhami,Ali,Jame,ru,294,22,757651.06,124
Ilya,Osipov,m0NESY,ru,295,23,757217.61,62
Umut,Gültekin,Umut,de,296,6,756907.63,37
Moussa,Faour,Chapix,se,297,12,755193.13,152
Boris,Vorobiev,magixx,ru,280,21,789501.66,81
Cong,Zhang,WuMing,cn,299,68,748209.82,12
Kenny,Schrub,kennyS,fr,300,10,746091.36,178
Wiktor,Wojtas,TaZ,pl,298,6,748924.02,255
Benjamin,Bance,Bance,gb,301,5,745429.94,67
Jiapeng,Lu,Peng,cn,302,69,743932.92,17
Zhou,Du,Qfeng,cn,303,70,741420.61,19
Hock Chuan,Wong,ChuaN,my,304,8,741416.26,67
Henrik,Mclean,Hen,gb,305,6,741165.84,116
Junlan,Peng,Mlan,cn,306,71,737307.43,14
Paco,Rusiewiez,HyDra,fr,307,11,736550.69,42
Xiangyu,Xu,JinYu,cn,308,72,735796.59,16
Jiajun,Xu,qc,cn,309,73,734838.74,11
Shujie,Feng,Suk,cn,310,74,731279.15,29
Cesar,Bueno,Skyz,us,311,44,730775.00,37
Theo,Ferrer,Crue,se,312,13,728500.00,49
Tae Yang,Jun,TY,kr,313,19,727444.42,177
Mossad,Aldossary,MSdossary7,sa,314,1,724097.02,38
Arif,Anwar,MSS,us,315,45,723577.98,80
Adrián,Dobles,Wisper,bo,316,1,721947.87,61
Qingyou,Fang,Byshow,cn,317,75,721929.21,16
Ioann,Sukharev,Edward,ua,318,10,721618.24,215
Yi,Zhou,Emo,cn,319,76,721235.90,53
Kyle,Jackson,Mongraal,gb,320,7,720629.23,94
Yinan,Chen,MMing,cn,322,77,720366.12,67
Jiahan,Xiong,pyw,cn,323,78,717764.82,54
Rasmus,Beck,sjuush,dk,321,15,720563.09,104
Jordan,Kaplan,JKap,us,324,46,714188.81,97
Aydan,Conrad,Aydan,us,325,47,711936.69,188
Rasmus,Borregaard Winther,Caps,dk,326,16,709619.84,48
Scofield leches,Gomez,Scofield,pe,327,1,707423.07,74
Xinzhou,Liu,garder,cn,328,79,705536.20,33
Jonathan,Berg,Loda,se,329,14,705204.72,105
Hee Joo,Na,Inonix,kr,330,20,703435.17,44
Turner,Tenney,Tfue,us,331,48,702825.01,91
Justin,Savage,jks,au,332,4,702351.43,125
Matvey,Vasyunin,MieRo,ru,333,24,702151.60,36
Young Ho,Lee,Flash,kr,334,21,700820.76,113
Indervir,Dhaliwal,iLLeY,ca,335,13,696553.33,50
Ethan,Arnold,Ethan,us,336,49,693647.05,104
Kevin,Smith,Eco,us,337,50,693275.00,63
Zezhi,Chen,Xz,cn,338,80,692327.42,25
Abdullah,Akhras,Acorn,ca,339,14,691577.39,162
Sung Wook,Joo,Zest,kr,340,22,690082.59,497
David,Čerňanský,frozen,sk,342,3,689231.99,143
Rhye,Perry,Zer0,au,343,5,688927.23,81
Tingpu,Yang,GAI,cn,344,81,688016.28,15
Eon Yeong,Jung,Impact,kr,345,23,686649.73,48
Armel Paul,Tabios,Armel,ph,346,6,684905.69,66
Qinglong,Zeng,QiaoXi,cn,347,82,684334.96,9
Sergey,Rykhtorov,Ax1Le,ru,348,26,683496.95,89
Yi,Pan,Fade,cn,349,83,680524.49,50
Braedon,Boettcher,StelluR,us,350,51,678675.00,58
Run,Ma,Beizhai,cn,351,84,678414.22,25
Jerry,Lundqvist,EGM,se,352,15,677630.08,86
Kuan,Zhou,QianShi,cn,353,85,677281.37,16
Shahar,Shushan,flameZ,il,354,4,676568.06,65
Pengfei,Zheng,Even,cn,355,86,676528.10,60
Ivan,Kapustin,ubah,ru,356,27,676467.77,46
Jonáš,Volek,SabeRLight-,cz,357,1,676227.57,77
Casper,Møller,cadiaN,dk,358,17,675748.01,129
Jiajie,Tang,XiaoYing,cn,359,87,673819.31,17
Donovan,Hunt,TekKz,gb,360,8,672494.80,57
Andrej,Piratov,merstachhh,lv,361,2,671181.79,109
Vladislav,Gorshkov,nafany,ru,362,28,669061.73,89
Yutao,Wu,HuaJuan,cn,363,88,668908.67,14
Joon,Park,Lyn,kr,364,24,668434.36,275
Yoo Jin,Kim,sOs,kr,365,25,665449.84,105
Jordan,Wolfe,Reps,us,366,52,665059.65,104
Timothy,Miller,Bizzle,us,367,53,664776.39,86
Eui Jin,Song,Rookie,kr,368,26,664528.80,33
Nikola,Krudulj,TruleX,rs,369,2,664267.00,92
Oleksandr,Dashkevych,XBOCT,ua,370,11,663158.09,80
Joon Ho,Kim,herO,kr,371,27,660347.49,459
Loïc,Chongthep,BriD,fr,372,12,660125.67,52
Peter,Kata,PeterBot,us,373,54,658724.17,81
Ye,Zhang,Zy,cn,374,89,657282.25,43
Matt,Smith,Kickstart,us,375,55,655509.19,57
Ye,Tian,Meiko,cn,376,90,653537.31,38
Jiwei,Huang,Shiki,cn,377,91,653514.33,16
Tommy,Le,Taiga,no,378,4,651478.86,74
Min Ki,Park,Viol2t,kr,379,28,651349.29,24
Danil,Kryshkovets,donk,ru,341,25,689619.60,47
Joakim,Akterhall,Akke,se,380,16,648738.70,100
Seung Lok,Kang,TheShy,kr,381,29,647773.33,20
Tsunehiro,Kanamori,Gachikun,jp,382,4,646084.53,38
Yoon Su,Eu,soO,kr,383,30,645423.06,220
Haoming,Chen,Ming,cn,384,92,645125.12,25
Hector Antonio,Rodriguez,K1,pe,386,2,642841.68,52
Qian,Zhang,ZQ,cn,387,93,642838.77,47
René,Madsen,TeSeS,dk,389,19,641390.92,103
Austin,Scherff,M1ME,us,390,57,641320.19,44
Nanjiang,Li,Nannnnn,cn,391,94,641141.60,47
Massimo,Franceschi,Atomic,us,385,56,642852.05,114
Will,Wierzba,Rush,us,392,58,640176.87,140
Leon,Khim,Khanada,us,393,59,640124.67,177
Thomas,Trewren,Tommey,gb,394,9,640049.28,237
Henrik,Ahnberg,AdmiralBulldog,se,395,17,638187.73,75
Dae Yeob,Kim,Stats,kr,396,31,637665.08,226
Klaus,Konstanzer,stompy,at,397,2,634421.94,69
Hyun Woo,Byun,ByuN,kr,398,32,634266.17,727
Cooper,Smith,Cooper,us,399,60,634205.00,40
Tae Min,Kang,Taemin,kr,400,33,632268.84,27
Keqin,Wang,XingHen,cn,401,95,631460.45,11
Yawar,Hassan,YawaR,pk,402,2,630136.60,51
Min Soo,Kang,Solar,kr,403,34,629945.00,752
Markus,Kjærbye,Kjaerbye,dk,404,20,626896.93,122
Christopher,Alesund,GeT_RiGhT,se,405,18,626471.76,235
Alexander,Schlik,Vadeal,de,406,7,625695.30,120
Kang,Ye,BuRan,cn,407,96,625517.83,13
Pinyan,Zhou,ZpYan1,cn,408,97,625229.63,50
Jarosław,Jarząbkowski,pashaBiceps,pl,409,7,625065.15,169
Ziwei,Li,Yisheng,cn,410,98,624112.52,11
Martin,Lund,stavn,dk,388,18,641787.63,97
Preston,Sanderson,Prestinni,us,411,61,622473.43,40
Liuyi,Wang,Baolan,cn,412,99,619658.35,17
Ben,Peterson,Edgey,us,413,62,616688.15,137
Yong Min,Kim,Febby,kr,414,35,616244.35,46
Jiawei,Yang,Jwei,cn,415,100,615697.77,36
Hajime,Taniguchi,Tokido,jp,416,5,613805.68,111
Aleksei,Golubev,Qikert,kz,417,2,613616.63,110
Dillon,Price,Attach,us,418,63,612273.35,108
Jean Pierre,Gonzales,Chris Luck,pe,420,3,611364.54,50
Paulo,Henrique Chaves,PHzin,br,421,5,610235.02,33
-,-,Mugi,jp,422,6,608918.88,25
Christiaan,de Jong,chrisJ,nl,423,5,608724.32,152
Xiaojun,Shuang,GuiQi,cn,424,101,607392.87,8
Tengfei,Ma,ShenRen,cn,425,102,606346.53,13
Bryan,Zhelyazkov,Apathy,us,426,64,605618.93,76
Yongzheng,He,Inflame,cn,428,103,601854.15,26
Ding,Zhuo,Knight,cn,429,104,599936.39,25
Feichi,Luo,Ferrari_430,cn,430,105,597877.06,72
Longhui,Jiang,FengJie,cn,431,106,597404.53,8
Ludvig,Brolin,Brollan,se,432,19,597025.84,110
Zhenning,Gao,Ning,cn,433,107,596966.58,21
Noah,Pyo,MP,kr,434,36,592676.77,47
Yanwen,Wang,HS,cn,435,108,592619.22,42
Steven,Vargas,StingeR,pe,436,4,592510.78,74
Sunyeob,Kim,QO,kr,438,37,591322.79,41
Joshua,Butler,Cold,us,439,66,590175.00,57
İsmailсan,Dörtkardeş,XANTARES,tr,427,1,605060.93,174
Alex,Sunderhaft,Neeb,us,440,67,589720.96,227
Landon,Konerman,BeastMode,us,437,65,591424.35,87
Jiahao,Bai,369,cn,441,109,588115.40,23
Enzo,Grondein,Seikoo,fr,442,13,587530.18,62
Chong Xin,Khoo,Ohaiyo,my,443,9,586016.52,71
Luka,Perković,PerkZ,hr,444,1,585736.60,33
Yanis,Champenois,Alpha54,fr,445,14,585503.21,97
Jacob,Knapman,JKnaps,ca,446,15,585413.45,159
Cameron,McKilligan,Cammy,gb,448,10,584150.00,44
Reed,Wilen,Chicago,us,447,68,584540.38,125
Paweł,Bieliński,byali,pl,449,8,583489.51,137
Doh Woo,Kim,Classic,kr,450,38,582687.26,318
Jiajun,Meng,DaShuai,cn,451,110,582651.76,3
Senming,Shi,Ming,cn,452,111,582384.84,27
Shengqqin,Xia,Hurt,cn,453,112,581507.86,19
Thijs,Molendijk,Thijs,nl,454,6,579189.66,95
Rafli Fathur,Rahman,Mikoto,id,455,2,577522.71,59
Hau-Hsuan,Hung,Karsa,tw,456,5,575459.59,36
Jae Won,Lee,LIP,kr,457,39,573689.79,27
Myroslav,Plakhotia,zont1x,ua,419,12,612263.47,48
Nam Joo,Kwon,Striker,kr,458,40,571305.19,15
Worawit,Mekchai,Q,th,459,3,567507.34,58
Zhiyong,Wang,old chicken,cn,460,113,567040.77,47
Amer,Zulbeari,Pred,au,461,6,566830.00,56
Daniel,Walsh,Dubs,us,462,69,566279.99,91
Yitao,Zhou,QianC,cn,463,114,563959.13,16
Cédric,Guipouy,RpK,fr,464,15,562227.09,164
Nathan,Berquignol,Nayte,fr,465,16,560308.75,73
Linus,Blomdin,Limmp,se,466,20,559619.65,104
Sun Gu,Kang,Blank,kr,467,41,559518.75,15
Jonathan,Willette,Renegade,us,468,70,558875.00,53
Johnathan,Perez,John,us,469,71,555499.59,78
Zihao,Jian,Uzi,cn,470,115,553869.60,44
Chan Yong,Kang,Ambition,kr,471,42,553454.41,39
Timofey,Yakushin,interz,ru,472,29,553226.34,71
Yan,Nolasco,yanxnz,br,473,6,552795.75,80
Xinzhen,Xu,JiuWei,cn,474,116,551072.59,15
Aleksandr,Batulin,BatulinS,ru,475,30,550577.43,56
Kim,Villafuerte Santos,Gabbi,ph,476,7,550385.15,64
Will,Merriman,mezii,gb,477,11,550135.95,72
Richard,Landström,Xizt,se,478,21,549513.99,177
Se Hyeong,Cho,Mata,kr,479,43,549295.45,38
Saul Leonardo,Mena Segundo,MenaRD,do,480,1,548812.57,41
Min Seok,Ryu,Keria,kr,481,44,546893.12,28
Boon Seng,Kam,Moon,my,482,10,546264.32,66
Garrett,Gordon,GarrettG,us,483,72,546071.69,173
Evan,Verhulst,Verhulst,us,484,73,544299.99,50
Hongcheng,Guo,Xm,cn,485,117,543873.58,55
Myeong Hwan,Yoo,smurf,kr,486,45,541784.30,25
Eric,Wrona,Snip3down,us,487,74,541601.84,162
Sang-don,Lee,Forev,kr,488,46,541537.11,49
Manuel,Bachoore,ManuBachoore,nl,489,7,541194.35,24
Soo-hoon,Lim,Ulsan,kr,490,47,538341.48,58
Taek Yong,Kim,Bisu,kr,491,48,537913.56,178
Min Chul,Jang,MC,kr,492,49,537732.41,124
Kristian,Wienecke,k0nfig,dk,494,21,536247.85,128
Simon,Haag,Handsken,se,495,22,535999.60,107
Rhys,Price,Rated,gb,496,12,535931.89,169
Alexandre,Courant,Kaydop,fr,493,17,536502.69,238
Martin,Foss,MrSavage,no,497,5,534730.90,171
Hyuk Kyu,Kim,Deft,kr,498,50,533702.27,50
Noyan,Ozkose,Genburten,au,499,7,533431.79,80
Peter,Jarguz,stanislaw,ca,500,16,533420.72,121
-,-,Chico,ba,501,3,532651.14,63
Kirill,Lukyanov,Lu,ru,502,31,528456.18,49
Tao,Li,Aze,cn,503,118,528374.39,15
Lamar,Abedi,Accuracy,us,504,75,528328.00,55
Victor,Woodley,Punk,us,505,76,527996.61,130
Chuan,Yu,Summer,cn,506,119,527411.90,47
Cody,Conrod,Clix,us,507,77,526675.29,125
Zhishun,Cao,JiuCheng,cn,508,120,524628.69,12
Lennard,Sill,rezon ay,de,509,8,524185.90,126
Troy,Jaroslawski,Canadian,ca,510,17,523861.90,49
Ian,Wyatt,Enable,us,511,78,522597.12,109
Zane,Hearon,Deadzone,us,512,79,520400.00,53
Bryan,Tebessi,Elemzje,fr,514,18,519392.44,58
Marcin,Jankowski,Jankos,pl,515,9,519257.63,41
Ye Chan,Lee,Scout,kr,517,51,517926.83,27
Evgeniy,Lebedev,FL1T,ru,513,32,520069.39,108
Brendan,Falconer,Falconer,us,519,81,516750.00,33
Kai,Ming,ClearLove,cn,520,121,516407.61,48
Daniel,Piecenski,Daniel,us,516,80,518186.71,120
Anthony,Colandro,ZexRow,us,521,82,516084.73,53
Runzhi,Chen,ShiJiu,cn,522,122,515841.57,9
Yueqiang,Dai,18,cn,523,123,515649.74,53
Hongsen,Zhong,33Svan,cn,526,124,513845.72,24
Finlay,Ferguson,rise.,gb,527,13,513166.54,72
Ronghua,Zeng,coolboy,cn,528,125,513159.42,15
Xingwei,Zhou,DBQ,cn,529,126,513015.12,43
Johannes,Wodarz,tabseN,de,525,9,514122.98,229
Jason,Corral,Firstkiller,us,524,83,514492.05,169
Olivier,Vandroux,Renshiro,fr,530,19,510989.39,59
Josh,Roach,Commandment,us,531,84,510923.99,102
Min Chul,Kim,Soulkey,kr,532,52,510558.67,234
Raphael,Peltzer,BunnyHoppor,de,533,10,508531.23,69
Dmytrii,Dubenyuk,Perfect1ks,ua,534,13,507794.18,49
Woo Je,Choi,Zeus,kr,537,53,505261.89,17
Justin,Morales,jstn.,us,535,85,507045.30,112
Timur,Tulepov,Buster,kz,538,3,504561.82,99
Qingsong,Liu,Crisp,cn,539,127,504245.66,19
Xiaolong,Li,BingC,cn,540,128,503448.04,17
Xu Wen,Wang,Infi,cn,541,129,503347.00,173
Jonas,Olofsson,Lekr0,se,542,23,503203.29,139
Wei-Lin,Chen,tom60229,tw,543,6,502777.87,61
Gustavo,Herdina,Herdsz,br,544,7,502457.50,21
Özgür,Eker,woxic,tr,518,2,517274.45,119
João,Vitor,Jv92,br,546,8,500502.59,19
Ivan,Mihai,iM,ro,536,2,506657.34,85
Diego,Zanello,Kheyze,br,547,9,500249.17,18
Samson,Hidalgo,SamH,ph,548,8,500185.83,38
Shane,Hendrixson,rapha,us,549,86,499346.68,123
Eui Seok,Lee,Fearless,kr,550,54,499150.22,25
Hyeon Joon,Moon,Oner,kr,551,55,498158.99,21
John,Håkansson,hAKIS,se,552,24,497953.51,55
Mariano,Arruda,SquishyMuffinz,ca,553,18,497465.62,157
Zhuojun,Zeng,Xiao Hai,cn,554,130,496886.56,63
Andrew,Diaz,Biffle,us,555,87,496658.33,71
Vincent,Schopenhauer,Happy,fr,556,20,496543.30,129
Maciej,Radzio,teeq,pl,557,10,496421.43,72
Evan,Barron,Cented,ca,558,19,496009.79,132
Min Hyeong,Lee,Gumayusi,kr,559,56,495721.40,19
Tianliang,Gao,Tian,cn,560,131,495638.17,19
Nemanja,Isaković,nexa,rs,561,3,495521.37,126
Avery,Silverman,SVG,us,562,88,494852.80,48
Zhe,Ma,MZiN,cn,563,132,494444.77,46
Felipe,De Lucia,FelipoX,br,564,10,493264.04,20
Mareks,Gaļinskis,YEKINDAR,lv,545,3,501639.57,97
Jim Gunnar,Eliassen,Jeemzz,no,565,6,492471.67,72
Anssi,Pekkonen,mxey,fi,566,6,491755.74,57
Chunjian,Wu,Hasaki,cn,567,133,490968.83,19
Nate,Hill,Nate Hill,us,568,89,490816.61,66
Fredrik,Sterner,REZ,se,569,25,490553.69,136
Wesley,Gittens,Wesley,us,570,90,488875.00,15
Seong Jin,Lee,CuVee,kr,571,57,488379.08,21
Júlio,Giacomelli,julio,br,572,11,488009.02,35
Zebin,Chen,bin,cn,573,134,487291.18,21
Guanhong,Chen,Victoria,cn,574,135,486768.64,50
-,-,Pollo,mx,575,1,485625.00,32
Vladislav,Semenov,Kataomi`,ru,576,33,485561.20,39
Dmitry,Kostin,Happy,ru,577,34,485334.87,625
Joe,Taylor,Trippy,us,578,91,485250.00,58
Axel,Touret,Vatira,fr,579,21,484985.74,79
Doh Wook,Kim,Cure,kr,580,58,484530.40,493
Min Ho,Lee,Crown,kr,581,59,484213.89,18
Artem,Adarkin,xmpL,ru,583,35,483818.10,53
Akbar,Butaev,SoNNeikO,uz,584,1,482976.85,96
Lee Sak,Won,PartinG,kr,585,60,482268.18,248
Patrick,Price,Aches,us,586,92,482231.76,89
Jiacheng,Mi,ChengC,cn,587,136,481974.98,28
Alexandre,Christophe,Andilex,fr,588,22,478787.44,141
Justinas,Lekavicius,jL,lt,582,1,484168.56,74
Qi,Zheng,Xxiao,cn,589,137,476231.84,31
Shiyu,Liu,Mlxg,cn,590,138,475990.65,31
Timothy,Ta,autimatic,us,591,93,475963.49,133
Seung Hyun,Lee,Life,kr,592,61,475900.67,76
Tommy,Wilson,Lucid,us,593,94,475475.00,48
Michael,Ross,ninjaboogie,ph,594,9,475429.22,45
Emilio,Leynez,Geometrics,mx,595,2,475400.00,41
Yajun,Yu,皮球,cn,596,139,474338.58,35
Thomas,Ernst,Scrappy,us,597,95,474200.00,28
Matías,Bonanno,Matias,ar,598,3,473824.97,39
Peinan,Li,Oliveira,cn,599,140,473207.85,240
Michael,Szymaniak,MajorManiak,us,600,96,473062.49,38
Geon Bu,Kim,Canyon,kr,601,62,472839.49,30
Gi Yeol,Cho,Seoul,kr,602,63,472659.13,36
Zhichao,Lin,33z,cn,603,141,472547.39,28
Sasha,Hostyn,Scarlett,ca,604,20,472111.32,283
Jun,Yuan,NingZhi,cn,605,142,471572.03,18
Hongqi,Song,Baby,cn,606,143,469907.03,44
Tyler,Latham,Skadoodle,us,607,97,469150.02,113
Benjamin,Rosendahl,Almxnd,us,608,98,468970.73,143
Maikil,Selim,Golden,se,609,26,468460.98,76
Alexandre,Paoli,Extra,fr,610,23,468280.02,77
Mohammed,Alotaibi,trk511,sa,611,2,468063.57,102
Bradley,Laws,APG,us,612,99,467925.00,82
Jin Soo,Park,Jinsoo,kr,613,64,467754.94,4
Feng,Gao,Bean,cn,614,144,466997.59,41
Shengjun,Luo,LilGhost,cn,615,145,466350.93,45
Je hyeon,Woo,Salute,kr,616,65,465334.84,36
Won Ho,Jeong,KyoCha,kr,617,66,465268.99,31
Juan Carlos,Lopez,SpeCial,mx,619,3,464829.08,351
Dennis,Lepore,Cloakzy,us,620,100,464666.66,50
Noah,Wright,Vivid,us,621,101,464141.67,51
Tian,Tang,Ice,cn,622,146,463651.48,17
Artem,Golubiev,Yuragi,ua,624,14,462972.29,35
Jung Hyeog,Lee,sake,kr,625,67,462790.78,30
Tianyu,Zhang,天宇,cn,626,147,461088.60,12
Martin,Larsson,Rekkles,se,627,27,460380.52,55
Jinshan,Liu,领域,cn,628,148,460051.37,19
Sebastian,Kjaer,Trippernn,dk,629,24,459331.62,104
Enzo,Gianoli O'Connor,Timado,pe,630,5,458874.85,65
Jae Won,Lee,Rich,kr,631,68,458795.42,37
Johnathan,Wendel,Fatal1ty,us,632,102,458739.23,40
Levon,Aronian,LevonAronian,am,633,2,458030.43,47
Marco,Pfeiffer,Snappi,dk,623,23,463566.54,158
Brice,Bigeard,ExoTiiK,fr,634,24,456906.49,77
Atif,Ijaz Butt,Atif Butt,pk,635,3,455924.70,15
Nikolay,Nikolov,Nikobaby,bg,636,3,455262.28,41
Chirasak,Moonsarn,Joena,th,637,4,454965.47,26
Daunte,Gray,Sib,us,638,103,454450.00,37
Lin,Yu,SuJiu,cn,639,149,453922.59,42
Juan,Debiedma,Hungrybox,us,640,104,453715.00,352
Sung Hoon,Choi,Polt,kr,641,69,451943.24,139
Jordan,Thomas,HusKerrs,us,642,105,451558.81,140
Gustavo,Rigal,Psycho,br,643,12,449921.91,39
Théo,Mariano,LikEfac,fr,644,25,447708.08,18
Dauren,Kystaubayev,AdreN,kz,645,4,446899.30,159
Rasmus,Nielsen,HooXi,dk,618,22,465140.92,72
Reiji,Maeda,Reiji,jp,646,7,446188.09,15
Nicholas,Di Costanzo,Classic,us,647,106,445574.00,105
Zhiwei,Ye,YZZ,cn,649,150,444729.40,20
Audric,Jug,JaCkz,fr,648,26,445064.17,119
Joon,Kwon,Fielder,kr,650,70,444459.34,26
Glib,Lipatnikov,Funn1k,ua,651,15,443534.74,102
Cen,Jiang,YYF,cn,652,151,443462.66,42
Caden,Pellegrin,Sypical,us,653,107,442646.72,93
Junlong,Kang,JiuLong,cn,654,152,442411.10,14
João,Vasconcelos,jafonsogv,pt,655,1,442063.43,25
Yaroslav,Kuvichko,spyrro,ua,656,16,441617.18,45
Pierre,Silfver,Turbopolsa,se,657,28,441410.05,138
André,Oliveira,nesk,br,658,13,441406.32,46
Won Seok,Heo,PawN,kr,659,71,440960.12,28
Chris,Sexton,Sweetdreams,us,660,108,440949.78,93
Zachariah,Siddall,Pinq,gb,661,14,440376.16,111
Yang,Zhang,YuYang,cn,662,153,439802.84,19
Zhanpeng,Chen,HuShen,cn,663,154,439002.95,2
Cvetelin,Nikolov,CeRq,bg,664,4,438764.00,129
Jason,Doty,Beaulo,us,665,109,438285.00,33
Jae-min,Bae,Knee,kr,666,72,438204.33,128
Aleksi,Jalli,allu,fi,667,7,437977.97,153
Byung Seon,Kim,Fleta,kr,668,73,437819.27,24
Vincent,Cayonte,Brehze,us,669,110,437362.77,117
Martin,Hansen,Wunder,dk,670,25,437155.62,36
Sergey,Bragin,G,ru,671,36,437118.31,87
Lincoln,Lau,fnx,br,673,14,433315.18,74
Adam,Friberg,friberg,se,674,29,432819.53,165
Thomas,Haly,TJHaly,us,675,111,431496.92,90
David,Tillberg,fuzzface,se,676,30,431329.25,46
Nico,Barcelon,Eyyou,ph,677,10,430272.94,32
Guochuan,You,FlowerC,cn,678,155,429808.99,15
Zixuan,Chen,Z9,cn,679,156,429790.92,15
Mihael,Mehle,Mikyx,si,680,2,428687.23,38
Ian,Nepomniachtchi,lachesisQ,ru,681,37,428539.03,59
Igor,Zhdanov,w0nderful,ua,672,17,434705.03,56
Pu,Yang,NeverEnd,cn,682,157,426681.98,34
Gabriel,Fernandes,pino,br,683,15,426231.47,32
Ricardo,Prass,boltz,br,684,16,425991.50,147
Zhen,Wei,GodV,cn,685,158,425902.46,61
Yuya,Nishikawa,Duelo,jp,686,8,423959.19,15
-,-,Tensai,jp,687,9,423833.34,36
Matthew,DeLisi,super,us,688,112,423599.69,28
Renè,Borg,cajunb,dk,689,26,423344.80,150
Jin Hyeok,Seo,Kanavi,kr,690,74,422850.76,17
Paul,Boyer,sOAZ,fr,691,27,422314.88,77
Joshua K,Rogers,Joshua Rogers,au,692,8,422139.99,33
Jong Hyun,Jung,Mvp,kr,693,75,419621.15,70
Murilo,Muzi,Muzi,br,694,17,418875.30,27
Peyton,Tuma,Dez,us,695,113,418500.00,7
Grant,Espe,Moth,us,697,114,418250.63,17
Victor,Locquet,Fairy Peak!,fr,696,28,418284.90,216
Ludvik Greger,Jahnsen,Aitzy,no,698,7,417991.72,48
Duong,Huynh,Kinstaar,ch,699,1,417441.68,67
Sung Won,Moon,MMA,kr,700,76,417169.17,112
Hyo Bin,Choi,ChoiHyoBin,kr,701,77,417109.58,18
Sergey,Pomerantsev,KITSUNE,ru,702,38,417080.96,33
João,Vasconcellos,felps,br,703,18,415574.55,115
Ádám,Torzsás,torzsi,hu,704,1,415551.22,79
Ji Hoon,Jeong,Chovy,kr,705,78,415484.67,37
Tomáš,Šťastný,oskar,cz,707,2,415090.87,147
Luccas,Molina,Paluh,br,708,20,414508.26,39
Noam,Ackenine,Megga,us,709,115,413738.32,65
Farith,Puente,Matthew,pe,711,6,411682.26,74
Tae Min,Choi,MER1T,kr,712,79,410873.38,29
Sung Ho,Cho,Trap,kr,713,80,409745.58,240
-,-,negima,jp,714,10,409517.18,1
Jake,Grannan,Virtue,au,715,9,409420.90,40
River,Handley,Riversan,us,716,116,409266.67,51
Ørjan,Larsen,TheViper,no,717,8,409095.89,284
Francois,Delaunay,Amanek,fr,718,29,408619.73,133
Ander,Tobal,Neat,es,719,1,408545.17,33
Alireza,Firouzja,Firouzja2003,ir,720,1,408468.09,120
Zdravets,Galabov,Hylissang,bg,721,5,408311.14,52
Jiantao,Song,DaoShi,cn,722,159,407738.60,15
Juhani,Toivonen,Kantoraketti,fi,723,8,407396.56,38
Jonathan Bryle,Santos De Guia,Bryle,ca,724,21,407027.65,53
Yuri,Santos,yuurih,br,706,19,415375.42,123
Artur,Ipatov,ShepparD,ru,725,39,406232.47,39
Danil,Gabov,JoyStiCK,ru,726,40,406061.04,38
Tao,Liu,Yuese,cn,727,160,405771.78,14
Alec,Fultz,Fultz,us,728,117,405600.00,44
Du Cong,Dang,NuckleDu,us,729,118,405246.72,106
Gabriël,Rau,Bwipo,be,730,1,404878.32,37
Spencer,Ealing,HugeGorilla,gb,731,15,404021.96,34
Geon Hee,Cho,BeryL,kr,732,81,403857.83,19
Kenta,Sato,glory,jp,733,11,403446.00,47
Alexandre,Pianaro,bodyy,fr,734,30,403033.82,122
Kaike,Cerato,kscerato,br,710,21,411688.18,108
Valdemar,Vangså,Valde,dk,735,27,402880.86,111
Guipeng,Li,KongJue,cn,736,161,402199.13,3
-,-,Title,jp,737,12,402162.00,8
Arslan,Siddique,Arslan Ash,pk,738,4,402131.90,51
Xiang,Huang,TH000,cn,739,162,401927.69,161
Edy,Juan,Newbz,us,740,119,401185.51,131
Josiah,Berry,Slacked,us,741,120,401114.40,108
Jinxiang,Zeng,顾居居,cn,742,163,401018.73,20
Tae Sang,Kim,doinb,kr,743,82,400844.18,24
Su,Heo,ShowMaker,kr,744,83,400600.01,28
Dong Ha,Kim,Khan,kr,745,84,400503.04,31
Mack,Aesoph,MackWood,us,746,121,400423.33,101
Tyler,DeBondt,TwoWayRoco,us,747,122,400000.00,2
Justin,Deese,Pistola,us,748,123,399835.00,83
Trei,Morris,Zer0,gb,749,16,399383.73,84
Alexis,Bernier,zen,fr,750,31,398551.53,55
Taylor-Petrik,Gatschelhofer,Vic0try0na,at,751,3,397722.58,78
Eric,Wright,ProblemWright,us,752,124,397700.00,19
Kamil,Szkaradek,siuhy,pl,754,11,397286.55,57
Emre,Yilmaz,EmreYilmaz,nl,755,8,397149.98,18
Jianhui,Zhang,格子,cn,756,164,396805.81,16
Kirill,Grishin,Kiryache,ru,757,42,396243.80,91
Dorian,Berman,xertioN,il,758,5,395943.99,52
Pyotr,Bolyshev,fame,ru,753,41,397363.44,69
Tobias,Sieber,ShoWTimE,de,759,11,393064.08,350
Gabriel,Vieira,caard,br,760,22,392954.18,96
Adam Erwann Shah,bin Akhtar Hussein,343,my,761,11,392825.70,34
Andrea,Radovanović,Radosin,fr,762,32,392657.58,73
Rodrigo Lelis,Santos,Lelis,br,763,23,391360.94,67
Fabiano,Caruana,FabianoCaruana,us,764,125,391349.56,88
Lucas,Cardenas,Dukez,mx,765,4,391053.46,66
Lucas,Miguel,carrilho,br,766,24,391043.13,28
Kenny,Deo,Xepher,id,767,3,390723.24,50
Frederik,Rasmussen,Frederik Rasmussen,dk,768,28,389709.78,13
Bryan,Wrzek,Merc,us,769,126,389616.67,31
He,Li,Xinhe,cn,770,165,389490.59,19
Felipe Sá,Ferreira,nade,br,771,25,389144.93,12
Ilya,Pevcaev,Illidan,ru,772,43,388809.49,80
Jin Seo,Kim,Shu,kr,773,85,388196.41,22
João,Gomes,Kamikaze,br,774,26,388164.31,31
Bo,Wu,xwudd,cn,775,166,388060.88,43
Tom,Paparratto,ZooMaa,us,776,127,387519.60,88
Byung Goo,Song,Stork,kr,777,86,387248.21,151
Mohammed,Harkous,Mo_aubameyang,de,778,12,387072.72,33
Matthew,Solomon,Achieved,us,779,128,387000.00,30
Kaibo,Yang,DaoZai,cn,780,167,386424.85,4
Andrei,Piovezan,arT,br,781,27,386358.16,125
Qing,Wang,ChenXia,cn,782,168,385775.17,9
Shaohan,Yang,Erika,cn,783,169,385683.53,36
Naltakyan Edgar,Armenovich,9Class,ru,784,44,385450.17,28
Nicolaj,Jensen,Jensen,dk,785,29,385416.68,29
Jaime,Ramos,Cyber,br,786,28,384651.91,37
Martin,Styk,STYKO,sk,787,4,384019.67,133
Youquan,Zhang,QingChen,cn,788,170,383904.54,15
Andre,Türk,unlucky,at,789,4,383847.78,24
Alexander,Kucheria,DkPhobos,ua,790,18,383575.32,48
Tae Won,Park,March,kr,791,87,383210.97,40
Jesper,Svenningsen,Zven,dk,792,30,381307.39,43
Piyapon,Boonchuay,TheCruz,th,793,5,381210.28,18
Hyun Je,Byun,mini,kr,794,88,381200.65,253
Christian,Savina,Pakazs,pe,795,7,380705.20,52
Boyuan,Jiang,Msir,cn,796,171,380600.97,15
Qi,Zeng,Yagao,cn,797,172,380467.01,19
Illias,Ganeev,illias,ru,798,45,380074.42,21
Chuankai,Tao,Chuchen,cn,799,173,379640.68,16
Do Hyeon,Park,Viper,kr,800,89,379382.13,25
Yoon Jong,Jung,Rain,kr,801,90,379135.65,92
Fabien,Fiey,KIOSHIMA,fr,802,33,379045.59,136
Peng,Ou,Op,cn,803,174,378326.22,33
Myung Woon,Kim,ZerO,kr,804,91,377898.04,211
Denis,Kostin,seized,ru,805,46,377628.99,146
Tianyu,Chen,Cty,cn,806,175,377526.26,25
Quanjun,Wan,SuKi,cn,807,176,377272.16,18
Anish,Giri,AnishGiri,nl,808,9,376889.15,57
Artur,Bloch,Nerchio,pl,809,12,376554.08,451
Dylan,Bosco,Bosco,us,811,129,376083.33,45
Jae Yoon,Ma,sAviOr,kr,812,92,376082.44,42
Jinwei,Chen,577,cn,813,177,376062.39,21
Amine,Benayachi,Itachi,ma,810,1,376386.58,80
Paulo,Damo da Rosa,PVDDR,br,814,29,375500.00,8
Levi,de Weerd,Levi de Weerd,nl,815,10,375382.94,35
Yuxin,Ma,YMao,cn,816,178,375233.81,15
Nikolay,Bityukov,Mir,ru,817,47,375089.30,136
Jens,Aasgaard,Snute,no,818,9,375038.71,313
Jong In,Kim,PraY,kr,819,93,374943.56,37
Joon Yeong,Park,Profit,kr,820,94,374144.66,21
Niclas,Mouritzen,Pengu,dk,821,31,374107.39,34
Karl,Zarth,Alem4o,br,822,30,373284.30,28
Dennis,Edman,dennis,se,823,31,373282.24,102
Tao,Luo,Bamboo,cn,824,179,373064.10,15
Vitalii,Shulga,matic,ru,825,48,372639.71,26
Qigui,Xiao,Li,cn,826,180,372315.37,4
Aidan,Bernero,Ajerss,us,828,130,371522.51,103
Zixuan,Zuo,Aixleft,cn,829,181,371037.68,57
Aaron,Elam,Ace,us,830,131,371037.50,75
Min Chul,Kim,Izayaki,kr,831,95,370914.62,23
Wataru,Ishibashi,posesi,jp,832,13,370815.00,49
Hyeon-Seok,Han,ChiYo,kr,833,96,370727.57,24
Jae Gon,Lee,LeeJaeGon,kr,834,97,370390.41,29
Andrii,Bondarenko,alwayswannafly,ua,835,19,370041.45,106
Saleh,Bakhashwin,Rw9,sa,836,3,369949.44,76
Paulo,Neto,Paulo Neto,br,837,31,369560.06,37
Wenjie,Cao,阿杰,cn,838,182,369391.53,20
Victor,Orudzhev,sdy,ua,839,20,369055.25,101
Jose Leonardo,Padilla Hernandez,Panda,pe,840,8,366855.46,39
Junze,Yan,Letme,cn,841,183,366745.59,20
Purin,Rongkhankaew,Stoned,th,842,6,366303.10,38
Maximilian,Broecker,qojqva,de,843,13,365940.08,92
Malachi,Greiner,Reverse2k,us,845,132,365581.92,74
Ethan,Pink,Fifakill,gb,847,17,364739.09,89
Nathanial,Duvall,Rampy,us,848,133,364593.33,43
Ivan,Antonov,ArtStyle,ua,849,21,364570.71,36
Yu Min,Sung,CH0R0NG,kr,850,98,364160.23,17
Billy,Putnam,MentaL,us,851,134,364051.67,97
Benjamin,Bremer,blameF,dk,846,33,364836.08,96
Manuel,Schenkhuizen,Grubby,nl,852,11,363571.93,174
Kaifeng,Zhang,HuaYun,cn,853,184,361940.72,13
Hamzah,El-Baher,Hera,ca,854,22,361713.01,219
Makenzie,Kelley,Mack,us,855,135,361500.00,24
Andrey,Kuropatkin,Dukalis,ru,856,49,360316.73,47
Miron,Novikov,Effect,ru,857,50,360250.00,15
Jin Woo,Im,Reset,kr,858,99,360243.52,30
Ryan,Chaplo,Chap,us,859,136,360066.67,48
Soo Ho,Park,DongRaeGu,kr,860,100,359737.09,240
Gleb,Zyryanov,kiyotaka,ru,861,51,358999.36,29
Jake,Brumleve,Poach,us,862,137,358933.33,30
David,Danielyan,n0rb3r7,ru,864,52,357939.40,92
Dylan,Short,Roth,us,865,139,357834.53,39
Austin,Aebi,AYYJAYY,us,863,138,358325.95,133
Seung Hoon,Heo,Huni,kr,866,101,357699.25,19
Gabriel,Segat,HeRoMaRinE,de,867,14,357634.70,361
Adam,Gray,Bound,us,868,140,357400.00,24
Jae Ho,Lee,Light,kr,869,102,356809.06,225
Supachai,Singkaew,SchwepXz,th,870,7,356335.44,37
Florian,Rische,syrsoN,de,871,15,356304.37,144
Jun Woo,Kang,Void,kr,872,103,356076.68,22
Egor,Luciko,SwizzY,ru,873,53,355812.50,65
Daniil,Gordeev,Tixzy,ru,874,54,355363.46,24
Woon Sung,Kang,Ttsst,kr,875,104,354363.98,32
Jord,van Geldere,Ibiza,nl,876,12,353969.63,57
Amjad,Alshalabi,Angry Bird,ae,877,1,353835.71,29
Yazid,Bakhashwin,Kiileerrz,sa,878,4,353731.08,60
Aleksy,Jabłoński,Japko,pl,879,13,353112.50,49
Bono,Huis,Bono Huis,nl,880,13,353101.06,27
Jakob,Nygaard,Jabbi,dk,827,32,371842.08,66
Young Han,Kim,Sp9rk1e,kr,881,105,353088.93,21
Kouki,Sekigawa,Devine,jp,882,14,353085.30,13
Jack,Cizek,Cizzorz,us,883,141,353016.67,8
John,Salter,BaRRaCCuDDa,us,884,142,353006.65,27
Min Seung,Kang,Haru,kr,885,106,352776.52,15
Tae Hoon,Kim,Edison,kr,886,107,352402.69,16
Shuo-Chieh,Hu,SwordArt,tw,887,7,352298.16,38
Casper,Notto,Hunterace,no,888,10,352116.26,37
Qilun,Xiao,XqLuN,cn,889,185,351641.24,41
Nils,Gruhne,k1to,de,890,16,351469.90,154
Mathias,Lauridsen,MSL,dk,891,34,351357.64,133
Oscar Dalgas,Refsgaard,Refsgaard,dk,892,35,351318.16,136
Alexis,Eusebio,MarineLorD,fr,893,34,351211.67,223
Engin,Küpeli,MAJ3R,tr,844,3,365614.44,109
Alexey,Tolov,mequ,ru,894,55,350563.46,23
Biao,Wang,Mix6GG,cn,895,186,350465.89,8
Karl,Baldovino,Karl,ph,896,11,349796.67,32
Ratchanon,Kunrayason,Moshi,th,897,8,349386.73,18
Jung Soo,Kim,Surrender,kr,898,108,349001.57,55
Weiliang,Lu,Fly100%,cn,899,187,348697.80,154
Pavel,Beltiukov,Pavel,ru,900,56,348648.00,33
Paweł,Dycha,dycha,pl,901,14,348562.94,120
-,-,sitetampo,jp,902,15,348500.02,33
Saieful,Ilham,Fbz,id,903,4,348063.38,60
Henrique,Teles,hen1,br,904,32,347933.86,126
Kang,Wang,shou,cn,905,188,346860.96,42
Justin,Fargo-Palmer,SiLLY,us,906,143,346638.85,47
Hyeong Seok,Jang,Looper,kr,907,109,346636.78,17
Roan,Aléssio,Revo,br,908,33,346603.13,25
Pavle,Bošković,Maden,me,909,1,346515.56,91
Mikołaj,Ogonowski,Elazer,pl,910,15,346184.65,292
Seon Chang,Lee,ANS,kr,911,110,345667.80,16
Yuk Cheung,Wong,Chris Wong,hk,912,2,345537.33,14
Byung Jae,Koh,GuMiho,kr,913,111,345511.10,509
Jack,Robertson,Doki,gb,914,18,345190.22,32
Drini,Gjoka,Drini,us,915,144,345000.00,17
Konstantin,Levkin,Mellman,ge,916,1,344693.10,37
Tyler,Polchow,TeePee,us,917,145,344453.71,106
ZhanYa,Tu,Xbei,cn,918,189,344079.30,49
Adil,Benrlitom,ScreaM,be,919,2,342674.11,153
Aleksandr,Pirogov,alyaGG,ru,920,57,342518.10,34
Nolan,Burdick,Shinboi,ca,921,23,342382.75,43
Joseph,Mauro,Ritual,us,922,146,341570.83,71
-,-,Zand,dk,923,36,341325.00,3
Tyler,-,hiimtylerh,ca,924,24,341250.00,1
Stephan,-,Suezhoo,be,925,3,341250.00,1
Lucas,Schinke,soulz1,br,926,34,340440.98,26
Caio,da Silva,caiotg1,br,927,35,340338.55,97
Fabian,Hällsten​,Fabian,se,928,32,340115.99,26
Jonathan,Marquez,Jonbeast,us,929,147,340000.00,12
Sebastian,Job,Sebastian Job,gb,930,19,339454.92,29
Mason,Venne,mason,us,931,148,339235.49,25
Daniel,Henrique vaz,Mafioso,br,932,36,339173.13,22
David,Caero,Dog,us,933,149,339090.89,59
Kento,Suzuki,SaRa,jp,934,16,338440.79,15
Philip,Aistrup Larsen,aizy,dk,935,37,337991.67,121
Ahmad,Abdullah,Ahmad,sa,936,5,337858.06,90
Derek,Ruffin,iDom,us,937,150,337762.37,99
Yoon Yeol,Lee,NaDa,kr,938,112,337401.66,70
Rachata,Saethian,GetHigh,th,939,9,337149.84,21
Brian,Eason,bloodyface,us,940,151,336578.00,52
Nathan,Amundson,Reet,us,941,152,336480.78,96
Peter,Peng,Doublelift,us,942,153,336475.81,55
Tizian,Feldbusch,tiziaN,de,943,17,336389.74,151
Danila,Dontsov,Dan,ru,944,58,335465.32,29
Yuchao,Zhou,Frozen,cn,945,190,335423.13,17
Zhubiao,Long,ZuiChu,cn,946,191,335372.09,8
Jack,Benton,ApparentlyJack,gb,947,20,335292.82,99
Tshaka,Taylor,Arsenal,us,948,154,335254.62,115
Daying,Wei,xxxLu,cn,949,192,335194.39,34
Per Anders,Olsson-Lille,Pajkatt,se,950,33,334875.27,67
Jae Hee,Hong,Gesture,kr,951,113,334811.33,16
Zhiqi,Shu,General,cn,952,193,334699.91,13
Weixiang,Lin,Lwx,cn,953,194,334653.16,16
Mikhail,Stolyarov,Dosia,ru,954,59,334535.70,143
Feng,Zhou,YiQu,cn,955,195,334431.35,13
Pedro,Ribeiro,sparkingg,br,956,37,334427.50,36
Robert,Kyser,comm,us,957,155,334157.99,95
Wenqiang,Wang,Bell,cn,958,196,333949.50,7
Xiaoming,Chi,Ming,cn,959,197,333220.11,15
Dong Nyoung,Lee,Leenock,kr,960,114,333082.56,186
Andrea,Mengucci,Andrea Mengucci,it,961,2,332300.00,10
Gilbert,Rojo,Xplosive,ph,962,12,332275.00,103
Thomas,Mulligan,72hrs,us,963,156,332233.33,42
Miikka,Kemppi,suNny,fi,964,9,331580.05,95
Thomas,Hörak,Tschiiinken,at,965,5,331376.94,30
Rongxin,Yang,XiaoA,cn,966,198,331301.61,15
Morten,Mehmert,Morten,de,967,18,331050.00,29
Brent,Mullany,Poonage,us,968,157,330927.25,36
Haitao,Xiao,Lon9z,cn,969,199,330494.02,15
Frederik,Gyldstrand,acoR,dk,970,38,330441.37,94
Mark,Zakhary,Mark11,au,971,10,330391.17,19
Yang,Liu,OnlyS,cn,972,200,330084.71,16
Youci,Huang,Dd,cn,973,201,329996.78,12
Beom Hyeon,Kang,GorillA,kr,974,115,329758.45,29
Kurtis,Bond,Purdy,us,975,158,329700.29,57
Corbin,Lee,C0M,us,976,159,329613.34,17
Jimi,Salo,Jimpphat,fi,977,10,329232.74,41
Jeong Wan,Ham,SOMEONE,kr,978,116,329031.10,21
Vinicius,Figueiredo,VINI,br,979,38,328757.81,113
Pittner,Armand,bOne7,ro,980,3,328744.99,61
William,Paquin-Brien,Fatch,ca,981,25,328495.00,40
Blaž,Lešnik,K1nzell,si,982,3,328247.53,68
Chenyi,Yao,闪电,cn,983,202,327830.08,10
Xuezhuang,Su,SuNan,cn,984,203,327805.55,19
Evan,Moore,SuperEvan,us,985,160,327197.06,93
Noah,Rey,Noahreyli,ch,986,2,327070.24,110
Yiran,Xu,Six,cn,987,204,326950.96,31
Vinny,Gilgan,Vinny1x,us,988,161,326913.80,24
Rosario,Villardi,JeffHindla,us,989,162,326614.31,18
Adam,Garcia,Assault,us,990,163,325927.76,54
Sanjar,Kuliev,SANJI,uz,991,2,325242.42,66
Oscar,Cañellas Colocho,mixwell,es,992,2,325177.35,106
Seung Bin,Gu,imp,kr,993,117,325082.77,29
Kyle,Storer,torment,us,994,164,325021.97,147
Airat,Gaziev,Silent,ru,995,60,324990.29,92
Yachao,Zhang,pickfeet,cn,996,205,324705.39,13
Andrew,Woodward,Andinster,us,997,165,324506.65,18
Zihao,Gao,A Hao,cn,998,206,324405.00,9
Yangwei,Yan,wei,cn,999,207,324276.51,13
Yunhui,Feng,Beautiful,cn,1000,208,323998.39,12
