NameFirst,NameLast,CurrentHandle,CountryCode,WorldRanking,CountryRanking,TotalUSDPrize,TotalTournaments,PlayerId
Johan,Sundstein,N0tail,dk,1,1,7184163.05,130,3304
Jesse,Vainikka,JerAx,fi,2,1,6486623.98,68,3822
Anathan,Pham,ana,au,3,1,6024411.96,26,30451
Yaroslav,Naidenov,Miposhka,ru,4,1,6011771.49,121,15855
Sébastien,Debs,Ceb,fr,5,1,5949442.73,82,2811
Topias,Taavitsainen,Topson,fi,6,2,5898810.6,44,18897
Magomed,Khalilov,Collapse,ru,7,2,5724111.07,61,70584
Ilya,Mulyarchuk,Yatoro,ua,8,1,5716736.05,57,70916
Miroslaw,Kolpakov,Mira,ua,9,2,5593899.05,51,71806
Kuro,Takhasomi,KuroKy,de,10,1,5295698.85,135,3145
Amer,Al-Barkawi,Miracle-,jo,11,1,4913585.26,86,14671
Lasse,Urpalainen,Matumbaman,fi,12,3,4873086.24,87,12133
Ivan,Ivanov,MinD_ContRoL,bg,13,1,4704032.25,96,12579
Alexander,Khertek,TORONTOTOKYO,ru,14,3,4494863.5,49,79215
Maroun,Merhej,GH,lb,15,1,4350887.6,80,25335
Clement,Ivanov,Puppey,ee,16,1,4342228.38,164,2578
Ludwig,Wåhlberg,Zai,se,17,1,4292756.02,126,5195
Chunyu,Wang,Ame,cn,18,1,4273479.27,87,26665
Sumail,Hassan,SumaiL,pk,19,1,4128055.98,102,14196
Yiping,Zhang,y`,cn,20,2,4044742.2,93,10712
Ruida,Zhang,Faith_bian,cn,21,3,3954981.98,86,26513
Michał,Jankowski,Nisha,pl,22,1,3745426.48,102,17765
Kyle,Giersdorf,Bugha,us,23,1,3744925.05,148,56483
Martin,Sazdov,Saksa,mk,24,1,3611111.18,86,19074
Neta,Shapira,33,il,25,1,3365479.03,106,15708
Yao,Lu,Somnus,cn,26,4,3311808.66,93,10188
Andreas,Nielsen,Cr1t,dk,27,2,3247429.18,122,9515
Jingjun,Wu,Sneyking,us,28,2,3202529.59,119,3254
Linsen,Xu,fy,cn,29,5,3159545.98,112,4033
Saahil,Arora,UNiVeRsE,us,30,3,3057237.67,95,2615
Peter,Dager,ppd,us,31,4,3029331.36,96,5194
Tal,Aizik,Fly,il,32,2,2884903.39,152,3305
Oliver,Lepko,Skiter,sk,33,1,2851493.15,97,24761
Gustav,Magnusson,s4,se,34,2,2749194.7,143,3524
Artour,Babaev,Arteezy,ca,35,1,2714369.91,127,4028
Clinton,Loomis,Fear,us,36,5,2564904.63,104,2610
Liangzhi,Hu,KaKa,cn,37,6,2548691.89,107,10080
Yazied,Jaradat,YapzOr,jo,38,2,2298690.64,68,14672
Aliwi,Omar,w33,ro,39,1,2294325.43,70,13080
Zixing,Zhao,XinQ,cn,40,7,2273760.44,69,14833
Peter,Rasmussen,dupreeh,dk,41,3,2225525.08,198,3883
Roman,Kushnarev,RAMZES666,ru,42,4,2207611.08,111,16814
David,Wang,Aqua,at,43,1,2197375.23,103,59528
Jian Wei,Yap,xNova,my,44,1,2146691.12,76,22207
Samuel,Svahn,Boxi,se,45,3,2132343.66,109,18452
Aydin,Sarkohi,iNsania,se,46,4,2130759.69,125,12229
Michael,Vu,miCKE,se,47,5,2126336.42,115,41267
Marcus,Hoelgaard,Ace,dk,48,4,2087817.11,129,9514
Kurtis,Ling,Aui_2000,ca,50,2,2073582.54,89,3256
Roman,Fominok,Resolut1on,ua,51,3,2063162.95,115,3946
Nicolai,Reedtz,dev1ce,dk,49,5,2080664.98,191,3885
Finn,Andersen,karrigan,dk,52,6,2059202.62,253,2452
Leon,Kirilin,Nine,de,53,2,2058860.94,59,39770
Shenyi,Yang,Chalice,cn,54,8,2040114.72,56,33561
Aleksey,Berezin,Solo,ru,55,5,2038081.34,121,3773
Peng,Li,iceice,cn,56,9,2005164.63,27,14238
Andreas,Højsleth,Xyp9x,dk,57,7,2003061.83,200,3679
Zeyu,Chu,Shadow,cn,58,10,1982030.82,29,26512
Jin Xiang,Cheng,NothingToSay,my,59,2,1974694.93,56,42140
Vladimir,Minenko,Noone,ua,60,4,1960799.78,111,13323
Yang,Zhou,bLink,cn,61,11,1960761.59,26,10711
Harrison,Chang,psalm,us,62,6,1959500.0,60,25047
Quinn,Callahan,Quinn,us,63,7,1947970.27,87,30573
Siyuan,Luo,HuaHai,cn,64,12,1941993.39,23,70610
Emil,Reif,Magisk,dk,65,8,1934223.63,144,17800
Lukas,Rossander,gla1ve,dk,66,9,1929503.03,190,3672
Yeik Nai,Zheng,MidOne,my,67,3,1896531.44,82,27134
Tyler,Pharris,aBeZy,us,68,8,1882655.68,71,53093
Ning,Zhang,xiao8,cn,69,13,1877518.06,58,2596
Bicheng,Xu,Yinuo,cn,70,14,1871202.59,25,60433
Damien,Chok,kpii,au,71,2,1865667.57,88,15530
Shane,Cotton,EpikWhale,us,72,9,1838487.32,125,61948
Denis,Sigitov,Larl,ru,73,6,1831224.07,45,91174
Christopher,Lehr,Simp,us,74,10,1830078.33,63,32897
Håvard,Nygaard,rain,no,75,1,1819816.24,181,5483
Sang Hyeok,Lee,Faker,kr,76,1,1816084.56,72,3832
Daryl Koh,Pei Xiang,iceiceice,sg,77,1,1812855.42,111,1949
Yunfei,Peng,Fly,cn,78,15,1767497.6,28,60417
Hongda,Zeng,Faith,cn,79,16,1764633.21,108,3168
Junhao,Xie,Super,cn,80,17,1764310.33,94,3161
Russel,Van Dulken,Twistzz,ca,81,3,1763893.1,146,20415
Zhihao,Chen,Hao,cn,82,18,1761674.53,60,3146
Dan,Madesclaire,apEX,fr,83,2,1747015.64,239,3888
Pavel,Khvastunov,9pasha,ru,84,7,1733385.13,82,13322
Oleksandr,Kostyljev,s1mple,ua,85,5,1722255.32,153,8169
Zhengzheng,Chen,Cat,cn,86,19,1716947.58,22,60467
Daheng,Li,Pang,cn,87,20,1682659.41,13,95069
McArthur,Jovel,Cellium,us,88,11,1674298.93,75,36617
Joona,Sotala,Serral,fi,89,4,1666325.57,183,5513
Robin,Kool,ropz,ee,90,2,1661577.41,136,31594
Letian,Zhong,1dao,cn,91,21,1656199.27,18,90011
Denis,Sharipov,electroNic,ru,92,8,1650967.01,132,16267
Nikola,Kovač,NiKo,ba,93,1,1636760.15,185,5783
Youqi,Cai,Yu,cn,94,22,1626161.52,17,97600
Anas,El-Abd,Anas,dk,95,10,1622990.05,139,83369
Yangwei,Ren,old eLeVeN,cn,96,23,1570503.07,77,21950
Emil,Bergquist Pedersen,Nyhrox,no,97,2,1543145.69,33,54656
Peng,Du,Monet,cn,98,24,1535720.98,78,30452
Yaoqin,Huang,QingRong,cn,99,25,1535223.32,18,90008
Zhicheng,Zhang,LaNm,cn,100,26,1529400.71,82,2582
Jiaoyang,Zeng,Ori,cn,101,27,1527561.42,76,28739
Magnus,Carlsen,MagnusCarlsen,no,102,3,1521051.02,145,75863
Michał,Kamiński,Kami,pl,103,2,1513689.2,169,72536
Tianlong,Wang,Alan,cn,104,28,1508589.45,18,60485
Lin,Jing,Xxs,cn,105,29,1508341.42,96,26666
Rasmus,Fillipsen,MiSeRy,dk,106,11,1505197.74,94,2589
Anton,Shkredov,dyrachYO,ru,107,9,1455949.6,54,78466
-,-,Kakeru,jp,108,1,1455614.85,15,99573
Alec,Sanderson,Arcitys,us,110,12,1426929.09,62,31870
Valeriy,Vakhovskiy,B1t,ua,109,6,1431957.7,71,73128
Ian,Porter,C6,us,111,13,1418092.8,172,1216
Adrian,Trinks,FATA,de,112,3,1410552.48,121,3690
Tianhao,Liu,YiZ,cn,113,30,1407681.64,21,89896
Chao,Lu,Fenrir,cn,114,31,1406042.25,77,4030
Vladimir,Nikogosyan,RodjER,am,115,1,1404636.1,72,28142
Yang,Fan,Fanfan,cn,116,32,1403112.86,17,97601
Bocheng,Zhu,paraboy,cn,117,33,1399954.36,40,69516
Pan,Zhang,Mu,cn,118,34,1390711.71,48,3147
Melchior,Hillenkamp,Seleri,nl,119,1,1382064.91,91,21640
Jaden,Ashman,Wolfiez,gb,120,1,1368308.07,58,67334
Sung Choo,Cho,Maru,kr,121,2,1356351.22,202,1126
Erik,Engel,tOfu,de,122,4,1354831.7,60,10122
Fa Ming,Liang,DDC,mo,123,1,1344720.91,79,2598
Williams,Aubin,Zayt,ca,124,4,1331781.42,72,51578
Thomas Høxbro,Davidsen,Th0masHD,dk,125,12,1330476.44,217,80697
Yang,Xiang,ZiYang,cn,126,35,1325717.83,15,95063
Zehai,Zeng,Order,cn,127,36,1321100.02,32,77958
Anthony,Cuevas-Castro,Shotzzy,us,128,14,1310650.0,81,35588
Cong,Ding,Dy,cn,129,37,1309787.36,63,44114
Matthew,Piper,FormaL,us,130,15,1298932.18,159,1196
Keith,Markovic,NAF,ca,131,5,1298682.06,169,10629
Heng,Lin,NuanYang,cn,132,38,1290681.49,23,89891
Chun,Song,Sccc,cn,133,39,1287091.81,76,19382
Wang,Jiao,Banana,cn,134,40,1283122.84,46,3813
Anucha,Jirawong,Jabz,th,135,1,1280581.39,97,15511
Jiahao,Chen,ZhongYi,cn,136,41,1266318.5,7,128773
Mathieu,Herbaut,ZywOo,fr,138,3,1259234.31,125,31001
Yin-Jun,Xu,Jimmy,tw,139,1,1254709.26,31,69519
Gabriel,Toledo,FalleN,br,137,1,1263415.79,196,2455
Jonathan,Jablonowski,ELiGE,us,140,16,1253096.02,178,11788
Jung Young,Park,Loki,kr,141,3,1245451.79,47,48322
Nate,Kou,Kreo,hk,142,1,1244334.74,60,51948
Chengjun,Zhang,Paparazi,cn,143,42,1242751.39,78,30684
James,Eubanks,Clayster,us,144,17,1233646.68,144,3801
Kenneth,Williams,Kenny,us,145,18,1230728.33,60,22135
Hidema,Kakinuma,kakip,jp,146,2,1228551.54,1,103893
Jiajun,Liu,Sylar,cn,147,43,1226897.63,92,3163
Chengjun,Xie,CS,cn,148,44,1225409.26,9,113264
Tai,Starčič,TaySon,si,149,1,1223513.7,186,80698
Han,Xu,Moogy,cn,150,45,1221917.1,56,10722
Dave,Jong,Rojo,nl,151,2,1215593.33,24,55139
Rocco,Morales,Saf,us,152,19,1210207.02,82,51883
Jakey,Yip,Stewie2k,us,153,20,1208508.91,190,16800
Zhaohui,Wang,SanSheng,cn,154,46,1207851.58,47,2594
Aleksa,Cvetkovic,Queasy,rs,155,1,1204712.1,197,68955
Helvijs,Saukants,broky,lv,156,1,1204432.41,143,54188
Davis,McClellan,Ceice,us,157,21,1202765.47,80,51940
Thiago,Bautista Lapp,k1nG,ar,158,1,1196325.0,72,61896
Ilya,Zalutskiy,Perfecto,ru,159,10,1195570.78,77,49589
Ryung Woo,Park,Dark,kr,160,4,1194415.22,439,3620
Seth,Abner,Scump,us,161,22,1193755.35,172,3696
Zhengzheng,Yao,Yao,cn,162,47,1192164.18,66,3164
Chon Kien,Chan,Oli,my,163,4,1186104.1,70,45192
Ming,Liu,XuanRan,cn,164,48,1180414.42,7,134344
Iwo,Zając,Setty,pl,165,3,1160281.81,133,62311
Kirill Sergeyevich,Mikhailov,Boombl4,ru,167,12,1153538.54,94,36982
Vitalie,Melnic,Save-,md,168,1,1145106.81,47,74016
Zhibiao,Ye,BoBoKa,cn,169,49,1142352.35,97,20101
Ammar,Al-Assaf,ATF,jo,170,3,1141564.71,47,88909
Danil,Skutin,gpk,ru,171,13,1121803.4,62,57309
Dmitry,Sokolov,sh1ro,ru,166,11,1153625.59,92,63706
Zengrong,Lei,MMY!,cn,172,50,1111886.25,68,2581
Egor,Grigorenko,Nightfall,ru,173,14,1111864.0,48,74015
Nicholas,Cannella,nitr0,us,174,23,1108586.23,156,8635
David,Tan,MoonMeander,ca,175,6,1103701.61,92,9839
Linwei,Sun,TanRan,cn,176,51,1098011.24,14,102465
Epitácio,de Melo,TACO,br,177,2,1096161.48,131,12183
Djardel Jicko,Mampusti,DJ,ph,178,1,1091925.12,90,5221
Yuhao,Li,XingYu,cn,179,52,1086350.74,21,89897
Bin,Fu,Q,cn,180,53,1081544.74,46,12671
Fernando,Alvarenga,fer,br,181,3,1078891.52,133,12169
Byung Ryul,Lee,Rogue,kr,182,5,1078863.8,271,4070
Hikaru,Nakamura,Hikaru,us,183,24,1073458.71,339,75837
Marcelo,David,coldzera,br,184,4,1063867.75,145,12182
Kuku,Palad,Kuku,ph,185,2,1063804.1,73,17200
Yi-en,Lin,King,tw,186,2,1062992.63,21,89310
Egor,Vasilyev,flamie,ru,187,15,1041856.83,141,8168
Dylan,Hannon,Envoy,us,188,25,1037729.16,68,22136
Yee Fung,Chai,Mushi,my,189,5,1028588.67,93,3151
Henry,Leverette,Henry,us,190,26,1028375.0,17,110334
Matthew,Filemon,Whitemon,id,191,1,1020261.87,60,51241
Danila,Yakovenko,Malibuca,ru,192,16,1016605.32,168,91149
Austin,Liddicoat,Slasher,us,193,27,1015583.4,103,8645
Timothy,Randrup,Tims,ph,194,3,1015232.55,74,30782
Freddy,Johansson,KRiMZ,se,195,6,1015061.9,174,5000
Matthew,Faitel,mero,ca,196,7,1014450.0,81,80853
Wang,Yuan-hao,UMA,tw,197,3,1005576.2,6,134660
Ryutaro,Okumoto,feg,jp,198,3,1003000.0,2,60390
-,-,sasamumu,tw,199,4,1000000.0,1,77473
Johan,Åström,pieliedie,se,200,7,994746.71,88,4027
Hayden,Krueger,Elevate,ca,201,8,994373.2,34,51885
Jacky,Mao,EternaLEnVy,ca,202,9,992684.79,112,3522
Preston,Greiner,Priestahh,us,203,28,992529.18,60,38097
Haiyang,Zhou,Yang,cn,204,54,992463.55,69,17872
Bradley,Bergstrom,Frosty,us,205,29,991965.0,84,20234
Nemanja,Kovač,huNter,ba,206,2,991400.65,126,20727
Paul,Duarte,SnakeBite,us,207,30,971190.0,97,1191
Mohamed,Tarek,Mohamed Light,eg,208,1,960808.01,49,114778
Ho Seong,Lee,Duke,kr,209,6,959072.51,28,6466
Remco,Arets,Crystallis,nl,210,3,949531.92,50,71503
Mathew,Fiorante,Royal 2,ca,211,10,942052.5,83,1208
Tao,Yang,NoFear,cn,212,55,941698.53,18,89916
Olof,Kajbjer,olofmeister,se,213,8,940855.42,161,5001
Ilya,Ilyuk,Lil,ua,214,7,940510.18,79,11722
Guixin,Guo,NuoYan,cn,215,56,938449.81,15,60565
Jesper,Wecksell,JW,se,217,9,929251.08,190,3875
Janusz,Pogorzelski,snax,pl,216,4,931969.12,180,4998
Wenbo,Yu,JackeyLove,cn,218,57,926556.68,28,34362
Evan,Rogez,M0nkey M00n,fr,219,4,925612.32,99,66249
Jun Sik,Bae,Bang,kr,220,7,915941.68,34,3636
Jae Wan,Lee,Wolf,kr,221,8,913167.87,35,3836
Philip,Dosen,ImperialHal,us,222,31,907471.09,118,40009
Marc Polo,Luis Fausto,Raven,ph,223,4,905759.42,56,27814
Seung Hoon,Cha,Pio,kr,224,9,905337.92,46,56720
Zhejie,Wu,ZiMo,cn,225,58,902977.28,13,95065
Jinxiang,Wu,QingQing,cn,226,59,902161.94,19,89894
Cuyler,Garland,Huke,us,227,32,901785.58,100,14175
Abed,Yusop,Abed,ph,228,5,900796.69,66,30781
David,Hull,Moo,us,229,33,899311.33,76,18220
Zhilei,Xu,BurNIng,cn,230,60,896625.35,78,3157
Wesley,So,GMWSO,us,231,34,895411.64,71,75838
Robin,Rönnquist,flusha,se,232,10,888552.89,191,3878
James,Giezen,TGLTN,au,233,3,888143.25,64,66505
Sam,Larew,Octane,us,234,35,886948.75,75,15103
Hunter,Winn,hwinn,us,235,36,877971.94,62,12917
Jae Dong,Lee,Jaedong,kr,236,10,876398.79,258,1507
Zack,Jordan,Drazah,us,237,37,876025.0,50,76978
Tristan,Nowicky,Shrimzy,us,238,38,875913.44,58,61319
Jeong-wan,Go,ESTH3R,kr,239,11,871858.71,30,43755
Zheng,Sun,Agressif,cn,240,61,871452.21,43,12672
Nathan,Schmitt,NBK,fr,241,5,870287.26,209,3290
Clément,Danglot,Skite,fr,242,6,870019.77,61,49566
Hao,Wang,N9,cn,243,62,867059.42,58,34366
Tobias,Jønsson,CleanX,dk,244,13,862901.87,41,19133
Bakyt,Emilzhanov,Zayac,kg,245,1,861284.52,66,23173
Harry,Pearson,Veno,gb,246,2,857928.89,119,85281
Abay,Khassenov,HObbit,kz,247,1,856161.12,114,25121
Richard,Papillon,shox,fr,248,7,854303.99,226,3881
Artsiom,Barshak,fng,by,249,1,853120.41,124,3586
Nicolas,Villalba,Nicolas99FC,ar,250,2,851431.49,54,40762
Yuanhao,Li,Xiaohu,cn,251,63,850114.07,40,17101
Jannis,Matwin,JannisZ,de,252,5,846713.18,156,63544
Jun Wen,Thiay,JT-,my,253,6,844446.32,63,45190
Damon,Barlow,Karma,ca,254,11,842837.25,127,3693
Nuengnara,Teeramahanon,23savage,th,255,2,841580.26,52,68143
Tue Soon,Chuan,Ah-fu,my,256,7,840619.35,52,12784
Clément,Desplanches,Clem,fr,258,8,832707.39,462,9693
Dmitri,Van de Vrie,Mitr0,nl,259,4,830344.81,105,51611
Jamie,Craven,Insight,gb,260,3,830182.26,57,17877
Danil,Ishutin,Dendi,ua,261,8,828082.53,131,2574
Dmitrii,Dorokhin,DM,ru,262,18,827118.14,58,47449
Tao,Wang,JiuKu,cn,263,64,825805.95,17,90009
Doo-young,Kim,DuBu,kr,264,12,823849.65,51,12146
Stanislav,Potorak,Malr1ne,ru,266,19,819562.93,38,90541
Jae Hyuk,Park,Ruler,kr,267,13,815773.29,35,28954
Aleksi,Virolainen,Aleksib,fi,265,5,821741.03,123,20813
Ladislav,Kovács,GuardiaN,sk,268,2,812938.18,167,3882
Ivan,Moskalenko,Pure,ru,269,20,811793.47,36,99596
Seong Ung,Bae,Bengi,kr,270,14,810882.84,21,3831
Dominique,Mclean,SonicFox,us,271,39,809747.54,147,4603
Riccardo,Romiti,Reynor,it,272,1,804459.73,259,15015
Fan,Bai,rOtK,cn,273,65,800232.07,52,3160
Shin Hyung,Lee,INnoVation,kr,274,15,799192.66,297,2268
Leonid,Vishnyakov,Chopper,ru,257,17,838351.78,104,16270
Tarik,Celik,tarik,us,275,40,797339.21,149,10630
Danylo,Teslenko,Zeus,ua,276,9,792585.87,204,1511
Diego,Lima,Arkhram,us,277,41,791861.68,72,62951
Anders,Vejrgang,Vejrgang,dk,278,14,790987.09,26,111288
Tony,Campbell,Lethul,us,279,42,790771.25,90,1183
Stephane,Lebleu,Shaiiko,fr,281,9,788541.49,51,67272
Jae Ho,Jang,Moon,kr,282,16,782559.43,276,1072
Yong In,Jo,CoreJJ,kr,283,17,782465.36,43,10925
Benjy David,Fish,BenjyFishy,gb,284,4,782337.52,153,61243
Bozhidar,Bozhilov,bzm,bg,285,2,781289.3,42,97155
Zhiyi,Jin,flyfly,cn,286,66,780184.65,52,30665
Tao,Jiang,Adou,cn,287,67,780182.01,18,70620
Wang Ho,Han,Peanut,kr,288,18,771351.93,41,15792
Lotan,Giladi,Spinx,il,289,3,764518.33,77,48798
Patrik,Lindberg,f0rest,se,290,11,763991.04,275,1490
Filip,Kubski,neo,pl,291,5,762311.73,238,1485
Matthew,Tinsley,Kismet,us,292,43,761958.33,48,15924
Brandon,Otell,Dashy,ca,293,12,760147.99,63,36619
Dzhami,Ali,Jame,ru,294,22,757651.06,124,35077
Ilya,Osipov,m0NESY,ru,295,23,757217.61,62,70149
Umut,Gültekin,Umut,de,296,6,756907.63,37,76888
Moussa,Faour,Chapix,se,297,12,755193.13,152,62624
Boris,Vorobiev,magixx,ru,280,21,789501.66,81,72819
Cong,Zhang,WuMing,cn,299,68,748209.82,12,70611
Kenny,Schrub,kennyS,fr,300,10,746091.36,178,3289
Wiktor,Wojtas,TaZ,pl,298,6,748924.02,255,1484
Benjamin,Bance,Bance,gb,301,5,745429.94,67,13964
Jiapeng,Lu,Peng,cn,302,69,743932.92,17,89953
Zhou,Du,Qfeng,cn,303,70,741420.61,19,89955
Hock Chuan,Wong,ChuaN,my,304,8,741416.26,67,3167
Henrik,Mclean,Hen,gb,305,6,741165.84,116,80699
Junlan,Peng,Mlan,cn,306,71,737307.43,14,90013
Paco,Rusiewiez,HyDra,fr,307,11,736550.69,42,82926
Xiangyu,Xu,JinYu,cn,308,72,735796.59,16,95067
Jiajun,Xu,qc,cn,309,73,734838.74,11,103943
Shujie,Feng,Suk,cn,310,74,731279.15,29,77959
Cesar,Bueno,Skyz,us,311,44,730775.0,37,64440
Theo,Ferrer,Crue,se,312,13,728500.0,49,62314
Tae Yang,Jun,TY,kr,313,19,727444.42,177,2224
Mossad,Aldossary,MSdossary7,sa,314,1,724097.02,38,38673
Arif,Anwar,MSS,us,315,45,723577.98,80,4738
Adrián,Dobles,Wisper,bo,316,1,721947.87,61,55842
Qingyou,Fang,Byshow,cn,317,75,721929.21,16,89956
Ioann,Sukharev,Edward,ua,318,10,721618.24,215,1510
Yi,Zhou,Emo,cn,319,76,721235.9,53,49426
Kyle,Jackson,Mongraal,gb,320,7,720629.23,94,50421
Yinan,Chen,MMing,cn,322,77,720366.12,67,89842
Jiahan,Xiong,pyw,cn,323,78,717764.82,54,44128
Rasmus,Beck,sjuush,dk,321,15,720563.09,104,43114
Jordan,Kaplan,JKap,us,324,46,714188.81,97,3702
Aydan,Conrad,Aydan,us,325,47,711936.69,188,51619
Rasmus,Borregaard Winther,Caps,dk,326,16,709619.84,48,12466
Scofield leches,Gomez,Scofield,pe,327,1,707423.07,74,42936
Xinzhou,Liu,garder,cn,328,79,705536.2,33,10718
Jonathan,Berg,Loda,se,329,14,705204.72,105,3141
Hee Joo,Na,Inonix,kr,330,20,703435.17,44,69507
Turner,Tenney,Tfue,us,331,48,702825.01,91,38125
Justin,Savage,jks,au,332,4,702351.43,125,10485
Matvey,Vasyunin,MieRo,ru,333,24,702151.6,36,80851
Young Ho,Lee,Flash,kr,334,21,700820.76,113,1505
Indervir,Dhaliwal,iLLeY,ca,335,13,696553.33,50,52108
Ethan,Arnold,Ethan,us,336,49,693647.05,104,29711
Kevin,Smith,Eco,us,337,50,693275.0,63,20235
Zezhi,Chen,Xz,cn,338,80,692327.42,25,11868
Abdullah,Akhras,Acorn,ca,339,14,691577.39,162,71444
Sung Wook,Joo,Zest,kr,340,22,690082.59,497,4674
David,Čerňanský,frozen,sk,342,3,689231.99,143,24832
Rhye,Perry,Zer0,au,343,5,688927.23,81,70222
Tingpu,Yang,GAI,cn,344,81,688016.28,15,89954
Eon Yeong,Jung,Impact,kr,345,23,686649.73,48,2762
Armel Paul,Tabios,Armel,ph,346,6,684905.69,66,36550
Qinglong,Zeng,QiaoXi,cn,347,82,684334.96,9,115052
Sergey,Rykhtorov,Ax1Le,ru,348,26,683496.95,89,49036
Yi,Pan,Fade,cn,349,83,680524.49,50,30686
Braedon,Boettcher,StelluR,us,350,51,678675.0,58,26896
Run,Ma,Beizhai,cn,351,84,678414.22,25,69523
Jerry,Lundqvist,EGM,se,352,15,677630.08,86,3724
Kuan,Zhou,QianShi,cn,353,85,677281.37,16,89892
Shahar,Shushan,flameZ,il,354,4,676568.06,65,47792
Pengfei,Zheng,Even,cn,355,86,676528.1,60,10244
Ivan,Kapustin,ubah,ru,356,27,676467.77,46,14768
Jonáš,Volek,SabeRLight-,cz,357,1,676227.57,77,55162
Casper,Møller,cadiaN,dk,358,17,675748.01,129,5034
Jiajie,Tang,XiaoYing,cn,359,87,673819.31,17,89899
Donovan,Hunt,TekKz,gb,360,8,672494.8,57,46805
Andrej,Piratov,merstachhh,lv,361,2,671181.79,109,91155
Vladislav,Gorshkov,nafany,ru,362,28,669061.73,89,48581
Yutao,Wu,HuaJuan,cn,363,88,668908.67,14,95073
Joon,Park,Lyn,kr,364,24,668434.36,275,1042
Yoo Jin,Kim,sOs,kr,365,25,665449.84,105,2272
Jordan,Wolfe,Reps,us,366,52,665059.65,104,52436
Timothy,Miller,Bizzle,us,367,53,664776.39,86,51936
Eui Jin,Song,Rookie,kr,368,26,664528.8,33,6013
Nikola,Krudulj,TruleX,rs,369,2,664267.0,92,68957
Oleksandr,Dashkevych,XBOCT,ua,370,11,663158.09,80,2576
Joon Ho,Kim,herO,kr,371,27,660347.49,459,3042
Loïc,Chongthep,BriD,fr,372,12,660125.67,52,46952
Peter,Kata,PeterBot,us,373,54,658724.17,81,91075
Ye,Zhang,Zy,cn,374,89,657282.25,43,104475
Matt,Smith,Kickstart,us,375,55,655509.19,57,50164
Ye,Tian,Meiko,cn,376,90,653537.31,38,12663
Jiwei,Huang,Shiki,cn,377,91,653514.33,16,15754
Tommy,Le,Taiga,no,378,4,651478.86,74,23188
Min Ki,Park,Viol2t,kr,379,28,651349.29,24,50319
Danil,Kryshkovets,donk,ru,341,25,689619.6,47,96385
Joakim,Akterhall,Akke,se,380,16,648738.7,100,3140
Seung Lok,Kang,TheShy,kr,381,29,647773.33,20,39166
Tsunehiro,Kanamori,Gachikun,jp,382,4,646084.53,38,16031
Yoon Su,Eu,soO,kr,383,30,645423.06,220,3481
Haoming,Chen,Ming,cn,384,92,645125.12,25,69520
Hector Antonio,Rodriguez,K1,pe,386,2,642841.68,52,49387
Qian,Zhang,ZQ,cn,387,93,642838.77,47,34750
René,Madsen,TeSeS,dk,389,19,641390.92,103,41398
Austin,Scherff,M1ME,us,390,57,641320.19,44,73319
Nanjiang,Li,Nannnnn,cn,391,94,641141.6,47,88011
Massimo,Franceschi,Atomic,us,385,56,642852.05,114,49530
Will,Wierzba,Rush,us,392,58,640176.87,140,4311
Leon,Khim,Khanada,us,393,59,640124.67,177,62655
Thomas,Trewren,Tommey,gb,394,9,640049.28,237,3799
Henrik,Ahnberg,AdmiralBulldog,se,395,17,638187.73,75,3523
Dae Yeob,Kim,Stats,kr,396,31,637665.08,226,2236
Klaus,Konstanzer,stompy,at,397,2,634421.94,69,57463
Hyun Woo,Byun,ByuN,kr,398,32,634266.17,727,1017
Cooper,Smith,Cooper,us,399,60,634205.0,40,117421
Tae Min,Kang,Taemin,kr,400,33,632268.84,27,43849
Keqin,Wang,XingHen,cn,401,95,631460.45,11,95062
Yawar,Hassan,YawaR,pk,402,2,630136.6,51,19967
Min Soo,Kang,Solar,kr,403,34,629945.0,752,3657
Markus,Kjærbye,Kjaerbye,dk,404,20,626896.93,122,10736
Christopher,Alesund,GeT_RiGhT,se,405,18,626471.76,235,1492
Alexander,Schlik,Vadeal,de,406,7,625695.3,120,83818
Kang,Ye,BuRan,cn,407,96,625517.83,13,95064
Pinyan,Zhou,ZpYan1,cn,408,97,625229.63,50,71468
Jarosław,Jarząbkowski,pashaBiceps,pl,409,7,625065.15,169,1488
Ziwei,Li,Yisheng,cn,410,98,624112.52,11,102847
Martin,Lund,stavn,dk,388,18,641787.63,97,33679
Preston,Sanderson,Prestinni,us,411,61,622473.43,40,31871
Liuyi,Wang,Baolan,cn,412,99,619658.35,17,34363
Ben,Peterson,Edgey,us,413,62,616688.15,137,61776
Yong Min,Kim,Febby,kr,414,35,616244.35,46,4885
Jiawei,Yang,Jwei,cn,415,100,615697.77,36,104494
Hajime,Taniguchi,Tokido,jp,416,5,613805.68,111,1705
Aleksei,Golubev,Qikert,kz,417,2,613616.63,110,39608
Dillon,Price,Attach,us,418,63,612273.35,108,12812
Jean Pierre,Gonzales,Chris Luck,pe,420,3,611364.54,50,52441
Paulo,Henrique Chaves,PHzin,br,421,5,610235.02,33,76886
-,-,Mugi,jp,422,6,608918.88,25,109867
Christiaan,de Jong,chrisJ,nl,423,5,608724.32,152,3951
Xiaojun,Shuang,GuiQi,cn,424,101,607392.87,8,128772
Tengfei,Ma,ShenRen,cn,425,102,606346.53,13,89890
Bryan,Zhelyazkov,Apathy,us,426,64,605618.93,76,5290
Yongzheng,He,Inflame,cn,428,103,601854.15,26,10074
Ding,Zhuo,Knight,cn,429,104,599936.39,25,37699
Feichi,Luo,Ferrari_430,cn,430,105,597877.06,72,2597
Longhui,Jiang,FengJie,cn,431,106,597404.53,8,102883
Ludvig,Brolin,Brollan,se,432,19,597025.84,110,37663
Zhenning,Gao,Ning,cn,433,107,596966.58,21,28734
Noah,Pyo,MP,kr,434,36,592676.77,47,4883
Yanwen,Wang,HS,cn,435,108,592619.22,42,99306
Steven,Vargas,StingeR,pe,436,4,592510.78,74,17616
Sunyeob,Kim,QO,kr,438,37,591322.79,41,4888
Joshua,Butler,Cold,us,439,66,590175.0,57,104813
İsmailсan,Dörtkardeş,XANTARES,tr,427,1,605060.93,174,13134
Alex,Sunderhaft,Neeb,us,440,67,589720.96,227,3818
Landon,Konerman,BeastMode,us,437,65,591424.35,87,81612
Jiahao,Bai,369,cn,441,109,588115.4,23,56731
Enzo,Grondein,Seikoo,fr,442,13,587530.18,62,91606
Chong Xin,Khoo,Ohaiyo,my,443,9,586016.52,71,3641
Luka,Perković,PerkZ,hr,444,1,585736.6,33,8924
Yanis,Champenois,Alpha54,fr,445,14,585503.21,97,53843
Jacob,Knapman,JKnaps,ca,446,15,585413.45,159,32223
Cameron,McKilligan,Cammy,gb,448,10,584150.0,44,53086
Reed,Wilen,Chicago,us,447,68,584540.38,125,40347
Paweł,Bieliński,byali,pl,449,8,583489.51,137,4997
Doh Woo,Kim,Classic,kr,450,38,582687.26,318,2271
Jiajun,Meng,DaShuai,cn,451,110,582651.76,3,145864
Senming,Shi,Ming,cn,452,111,582384.84,27,28735
Shengqqin,Xia,Hurt,cn,453,112,581507.86,19,60418
Thijs,Molendijk,Thijs,nl,454,6,579189.66,95,7517
Rafli Fathur,Rahman,Mikoto,id,455,2,577522.71,59,49361
Hau-Hsuan,Hung,Karsa,tw,456,5,575459.59,36,11154
Jae Won,Lee,LIP,kr,457,39,573689.79,27,51534
Myroslav,Plakhotia,zont1x,ua,419,12,612263.47,48,92743
Nam Joo,Kwon,Striker,kr,458,40,571305.19,15,40261
Worawit,Mekchai,Q,th,459,3,567507.34,58,54498
Zhiyong,Wang,old chicken,cn,460,113,567040.77,47,13394
Amer,Zulbeari,Pred,au,461,6,566830.0,56,57481
Daniel,Walsh,Dubs,us,462,69,566279.99,91,57614
Yitao,Zhou,QianC,cn,463,114,563959.13,16,89909
Cédric,Guipouy,RpK,fr,464,15,562227.09,164,3293
Nathan,Berquignol,Nayte,fr,465,16,560308.75,73,56863
Linus,Blomdin,Limmp,se,466,20,559619.65,104,9830
Sun Gu,Kang,Blank,kr,467,41,559518.75,15,18904
Jonathan,Willette,Renegade,us,468,70,558875.0,53,33340
Johnathan,Perez,John,us,469,71,555499.59,78,3710
Zihao,Jian,Uzi,cn,470,115,553869.6,44,4038
Chan Yong,Kang,Ambition,kr,471,42,553454.41,39,2749
Timofey,Yakushin,interz,ru,472,29,553226.34,71,40798
Yan,Nolasco,yanxnz,br,473,6,552795.75,80,89081
Xinzhen,Xu,JiuWei,cn,474,116,551072.59,15,89908
Aleksandr,Batulin,BatulinS,ru,475,30,550577.43,56,51379
Kim,Villafuerte Santos,Gabbi,ph,476,7,550385.15,64,31966
Will,Merriman,mezii,gb,477,11,550135.95,72,30865
Richard,Landström,Xizt,se,478,21,549513.99,177,2440
Se Hyeong,Cho,Mata,kr,479,43,549295.45,38,3830
Saul Leonardo,Mena Segundo,MenaRD,do,480,1,548812.57,41,41926
Min Seok,Ryu,Keria,kr,481,44,546893.12,28,76230
Boon Seng,Kam,Moon,my,482,10,546264.32,66,15807
Garrett,Gordon,GarrettG,us,483,72,546071.69,173,27359
Evan,Verhulst,Verhulst,us,484,73,544299.99,50,99980
Hongcheng,Guo,Xm,cn,485,117,543873.58,55,60239
Myeong Hwan,Yoo,smurf,kr,486,45,541784.3,25,46828
Eric,Wrona,Snip3down,us,487,74,541601.84,162,1203
Sang-don,Lee,Forev,kr,488,46,541537.11,49,4893
Manuel,Bachoore,ManuBachoore,nl,489,7,541194.35,24,110315
Soo-hoon,Lim,Ulsan,kr,490,47,538341.48,58,65775
Taek Yong,Kim,Bisu,kr,491,48,537913.56,178,1589
Min Chul,Jang,MC,kr,492,49,537732.41,124,1000
Kristian,Wienecke,k0nfig,dk,494,21,536247.85,128,18811
Simon,Haag,Handsken,se,495,22,535999.6,107,12230
Rhys,Price,Rated,gb,496,12,535931.89,169,14182
Alexandre,Courant,Kaydop,fr,493,17,536502.69,238,34191
Martin,Foss,MrSavage,no,497,5,534730.9,171,61171
Hyuk Kyu,Kim,Deft,kr,498,50,533702.27,50,3843
Noyan,Ozkose,Genburten,au,499,7,533431.79,80,80422
Peter,Jarguz,stanislaw,ca,500,16,533420.72,121,11483
-,-,Chico,ba,501,3,532651.14,63,104665
Kirill,Lukyanov,Lu,ru,502,31,528456.18,49,67979
Tao,Li,Aze,cn,503,118,528374.39,15,90462
Lamar,Abedi,Accuracy,us,504,75,528328.0,55,14874
Victor,Woodley,Punk,us,505,76,527996.61,130,33471
Chuan,Yu,Summer,cn,506,119,527411.9,47,55316
Cody,Conrod,Clix,us,507,77,526675.29,125,62105
Zhishun,Cao,JiuCheng,cn,508,120,524628.69,12,60414
Lennard,Sill,rezon ay,de,509,8,524185.9,126,81271
Troy,Jaroslawski,Canadian,ca,510,17,523861.9,49,35884
Ian,Wyatt,Enable,us,511,78,522597.12,109,1179
Zane,Hearon,Deadzone,us,512,79,520400.0,53,27839
Bryan,Tebessi,Elemzje,fr,514,18,519392.44,58,45708
Marcin,Jankowski,Jankos,pl,515,9,519257.63,41,4584
Ye Chan,Lee,Scout,kr,517,51,517926.83,27,24979
Evgeniy,Lebedev,FL1T,ru,513,32,520069.39,108,48945
Brendan,Falconer,Falconer,us,519,81,516750.0,33,63746
Kai,Ming,ClearLove,cn,520,121,516407.61,48,3386
Daniel,Piecenski,Daniel,us,516,80,518186.71,120,83029
Anthony,Colandro,ZexRow,us,521,82,516084.73,53,52321
Runzhi,Chen,ShiJiu,cn,522,122,515841.57,9,89893
Yueqiang,Dai,18,cn,523,123,515649.74,53,9657
Hongsen,Zhong,33Svan,cn,526,124,513845.72,24,77962
Finlay,Ferguson,rise.,gb,527,13,513166.54,72,88735
Ronghua,Zeng,coolboy,cn,528,125,513159.42,15,69517
Xingwei,Zhou,DBQ,cn,529,126,513015.12,43,25245
Johannes,Wodarz,tabseN,de,525,9,514122.98,229,3952
Jason,Corral,Firstkiller,us,524,83,514492.05,169,49531
Olivier,Vandroux,Renshiro,fr,530,19,510989.39,59,41291
Josh,Roach,Commandment,us,531,84,510923.99,102,61277
Min Chul,Kim,Soulkey,kr,532,52,510558.67,234,2230
Raphael,Peltzer,BunnyHoppor,de,533,10,508531.23,69,28337
Dmytrii,Dubenyuk,Perfect1ks,ua,534,13,507794.18,49,67976
Woo Je,Choi,Zeus,kr,537,53,505261.89,17,91660
Justin,Morales,jstn.,us,535,85,507045.3,112,47086
Timur,Tulepov,Buster,kz,538,3,504561.82,99,35378
Qingsong,Liu,Crisp,cn,539,127,504245.66,19,41414
Xiaolong,Li,BingC,cn,540,128,503448.04,17,89910
Xu Wen,Wang,Infi,cn,541,129,503347.0,173,1340
Jonas,Olofsson,Lekr0,se,542,23,503203.29,139,12859
Wei-Lin,Chen,tom60229,tw,543,6,502777.87,61,11132
Gustavo,Herdina,Herdsz,br,544,7,502457.5,21,78875
Özgür,Eker,woxic,tr,518,2,517274.45,119,19595
João,Vitor,Jv92,br,546,8,500502.59,19,96366
Ivan,Mihai,iM,ro,536,2,506657.34,85,46740
Diego,Zanello,Kheyze,br,547,9,500249.17,18,105839
Samson,Hidalgo,SamH,ph,548,8,500185.83,38,22211
Shane,Hendrixson,rapha,us,549,86,499346.68,123,1157
Eui Seok,Lee,Fearless,kr,550,54,499150.22,25,42893
Hyeon Joon,Moon,Oner,kr,551,55,498158.99,21,83598
John,Håkansson,hAKIS,se,552,24,497953.51,55,76222
Mariano,Arruda,SquishyMuffinz,ca,553,18,497465.62,157,36750
Zhuojun,Zeng,Xiao Hai,cn,554,130,496886.56,63,4635
Andrew,Diaz,Biffle,us,555,87,496658.33,71,79926
Vincent,Schopenhauer,Happy,fr,556,20,496543.3,129,3889
Maciej,Radzio,teeq,pl,557,10,496421.43,72,61242
Evan,Barron,Cented,ca,558,19,496009.79,132,57610
Min Hyeong,Lee,Gumayusi,kr,559,56,495721.4,19,56456
Tianliang,Gao,Tian,cn,560,131,495638.17,19,41044
Nemanja,Isaković,nexa,rs,561,3,495521.37,126,22335
Avery,Silverman,SVG,us,562,88,494852.8,48,21940
Zhe,Ma,MZiN,cn,563,132,494444.77,46,9656
Felipe,De Lucia,FelipoX,br,564,10,493264.04,20,79185
Mareks,Gaļinskis,YEKINDAR,lv,545,3,501639.57,97,37953
Jim Gunnar,Eliassen,Jeemzz,no,565,6,492471.67,72,45853
Anssi,Pekkonen,mxey,fi,566,6,491755.74,57,43808
Chunjian,Wu,Hasaki,cn,567,133,490968.83,19,77961
Nate,Hill,Nate Hill,us,568,89,490816.61,66,52428
Fredrik,Sterner,REZ,se,569,25,490553.69,136,21291
Wesley,Gittens,Wesley,us,570,90,488875.0,15,110335
Seong Jin,Lee,CuVee,kr,571,57,488379.08,21,14599
Júlio,Giacomelli,julio,br,572,11,488009.02,35,17226
Zebin,Chen,bin,cn,573,134,487291.18,21,72658
Guanhong,Chen,Victoria,cn,574,135,486768.64,50,30347
-,-,Pollo,mx,575,1,485625.0,32,122825
Vladislav,Semenov,Kataomi`,ru,576,33,485561.2,39,78548
Dmitry,Kostin,Happy,ru,577,34,485334.87,625,1288
Joe,Taylor,Trippy,us,578,91,485250.0,58,35589
Axel,Touret,Vatira,fr,579,21,484985.74,79,91605
Doh Wook,Kim,Cure,kr,580,58,484530.4,493,7999
Min Ho,Lee,Crown,kr,581,59,484213.89,18,12186
Artem,Adarkin,xmpL,ru,583,35,483818.1,53,51381
Akbar,Butaev,SoNNeikO,uz,584,1,482976.85,96,12578
Lee Sak,Won,PartinG,kr,585,60,482268.18,248,1132
Patrick,Price,Aches,us,586,92,482231.76,89,3705
Jiacheng,Mi,ChengC,cn,587,136,481974.98,28,89301
Alexandre,Christophe,Andilex,fr,588,22,478787.44,141,61233
Justinas,Lekavicius,jL,lt,582,1,484168.56,74,69075
Qi,Zheng,Xxiao,cn,589,137,476231.84,31,89766
Shiyu,Liu,Mlxg,cn,590,138,475990.65,31,11698
Timothy,Ta,autimatic,us,591,93,475963.49,133,11938
Seung Hyun,Lee,Life,kr,592,61,475900.67,76,1429
Tommy,Wilson,Lucid,us,593,94,475475.0,48,36605
Michael,Ross,ninjaboogie,ph,594,9,475429.22,45,3642
Emilio,Leynez,Geometrics,mx,595,2,475400.0,41,41289
Yajun,Yu,皮球,cn,596,139,474338.58,35,71099
Thomas,Ernst,Scrappy,us,597,95,474200.0,28,93107
Matías,Bonanno,Matias,ar,598,3,473824.97,39,101789
Peinan,Li,Oliveira,cn,599,140,473207.85,240,19597
Michael,Szymaniak,MajorManiak,us,600,96,473062.49,38,53098
Geon Bu,Kim,Canyon,kr,601,62,472839.49,30,59915
Gi Yeol,Cho,Seoul,kr,602,63,472659.13,36,73513
Zhichao,Lin,33z,cn,603,141,472547.39,28,95113
Sasha,Hostyn,Scarlett,ca,604,20,472111.32,283,2280
Jun,Yuan,NingZhi,cn,605,142,471572.03,18,60412
Hongqi,Song,Baby,cn,606,143,469907.03,44,104500
Tyler,Latham,Skadoodle,us,607,97,469150.02,113,3752
Benjamin,Rosendahl,Almxnd,us,608,98,468970.73,143,81096
Maikil,Selim,Golden,se,609,26,468460.98,76,28556
Alexandre,Paoli,Extra,fr,610,23,468280.02,77,60682
Mohammed,Alotaibi,trk511,sa,611,2,468063.57,102,82206
Bradley,Laws,APG,us,612,99,467925.0,82,1185
Jin Soo,Park,Jinsoo,kr,613,64,467754.94,4,50883
Feng,Gao,Bean,cn,614,144,466997.59,41,13608
Shengjun,Luo,LilGhost,cn,615,145,466350.93,45,88008
Je hyeon,Woo,Salute,kr,616,65,465334.84,36,99088
Won Ho,Jeong,KyoCha,kr,617,66,465268.99,31,19968
Juan Carlos,Lopez,SpeCial,mx,619,3,464829.08,351,1175
Dennis,Lepore,Cloakzy,us,620,100,464666.66,50,49822
Noah,Wright,Vivid,us,621,101,464141.67,51,51579
Tian,Tang,Ice,cn,622,146,463651.48,17,89900
Artem,Golubiev,Yuragi,ua,624,14,462972.29,35,79686
Jung Hyeog,Lee,sake,kr,625,67,462790.78,30,18570
Tianyu,Zhang,天宇,cn,626,147,461088.6,12,101081
Martin,Larsson,Rekkles,se,627,27,460380.52,55,3554
Jinshan,Liu,领域,cn,628,148,460051.37,19,101080
Sebastian,Kjaer,Trippernn,dk,629,24,459331.62,104,83277
Enzo,Gianoli O'Connor,Timado,pe,630,5,458874.85,65,16336
Jae Won,Lee,Rich,kr,631,68,458795.42,37,15718
Johnathan,Wendel,Fatal1ty,us,632,102,458739.23,40,1139
Levon,Aronian,LevonAronian,am,633,2,458030.43,47,75839
Marco,Pfeiffer,Snappi,dk,623,23,463566.54,158,2462
Brice,Bigeard,ExoTiiK,fr,634,24,456906.49,77,71283
Atif,Ijaz Butt,Atif Butt,pk,635,3,455924.7,15,74084
Nikolay,Nikolov,Nikobaby,bg,636,3,455262.28,41,13644
Chirasak,Moonsarn,Joena,th,637,4,454965.47,26,77130
Daunte,Gray,Sib,us,638,103,454450.0,37,77550
Lin,Yu,SuJiu,cn,639,149,453922.59,42,99089
Juan,Debiedma,Hungrybox,us,640,104,453715.0,352,3918
Sung Hoon,Choi,Polt,kr,641,69,451943.24,139,1003
Jordan,Thomas,HusKerrs,us,642,105,451558.81,140,38120
Gustavo,Rigal,Psycho,br,643,12,449921.91,39,41742
Théo,Mariano,LikEfac,fr,644,25,447708.08,18,77392
Dauren,Kystaubayev,AdreN,kz,645,4,446899.3,159,3676
Rasmus,Nielsen,HooXi,dk,618,22,465140.92,72,35813
Reiji,Maeda,Reiji,jp,646,7,446188.09,15,78491
Nicholas,Di Costanzo,Classic,us,647,106,445574.0,105,7723
Zhiwei,Ye,YZZ,cn,649,150,444729.4,20,103232
Audric,Jug,JaCkz,fr,648,26,445064.17,119,6366
Joon,Kwon,Fielder,kr,650,70,444459.34,26,51540
Glib,Lipatnikov,Funn1k,ua,651,15,443534.74,102,3327
Cen,Jiang,YYF,cn,652,151,443462.66,42,3166
Caden,Pellegrin,Sypical,us,653,107,442646.72,93,52140
Junlong,Kang,JiuLong,cn,654,152,442411.1,14,60413
João,Vasconcelos,jafonsogv,pt,655,1,442063.43,25,126553
Yaroslav,Kuvichko,spyrro,ua,656,16,441617.18,45,72592
Pierre,Silfver,Turbopolsa,se,657,28,441410.05,138,31009
André,Oliveira,nesk,br,658,13,441406.32,46,52206
Won Seok,Heo,PawN,kr,659,71,440960.12,28,4509
Chris,Sexton,Sweetdreams,us,660,108,440949.78,93,40041
Zachariah,Siddall,Pinq,gb,661,14,440376.16,111,83395
Yang,Zhang,YuYang,cn,662,153,439802.84,19,95118
Zhanpeng,Chen,HuShen,cn,663,154,439002.95,2,145863
Cvetelin,Nikolov,CeRq,bg,664,4,438764.0,129,30622
Jason,Doty,Beaulo,us,665,109,438285.0,33,61050
Jae-min,Bae,Knee,kr,666,72,438204.33,128,1524
Aleksi,Jalli,allu,fi,667,7,437977.97,153,2450
Byung Seon,Kim,Fleta,kr,668,73,437819.27,24,37493
Vincent,Cayonte,Brehze,us,669,110,437362.77,117,28489
Martin,Hansen,Wunder,dk,670,25,437155.62,36,10470
Sergey,Bragin,G,ru,671,36,437118.31,87,2603
Lincoln,Lau,fnx,br,673,14,433315.18,74,2456
Adam,Friberg,friberg,se,674,29,432819.53,165,3287
Thomas,Haly,TJHaly,us,675,111,431496.92,90,14174
David,Tillberg,fuzzface,se,676,30,431329.25,46,43862
Nico,Barcelon,Eyyou,ph,677,10,430272.94,32,17238
Guochuan,You,FlowerC,cn,678,155,429808.99,15,95103
Zixuan,Chen,Z9,cn,679,156,429790.92,15,89288
Mihael,Mehle,Mikyx,si,680,2,428687.23,38,11933
Ian,Nepomniachtchi,lachesisQ,ru,681,37,428539.03,59,75848
Igor,Zhdanov,w0nderful,ua,672,17,434705.03,56,81685
Pu,Yang,NeverEnd,cn,682,157,426681.98,34,10728
Gabriel,Fernandes,pino,br,683,15,426231.47,32,21239
Ricardo,Prass,boltz,br,684,16,425991.5,147,12179
Zhen,Wei,GodV,cn,685,158,425902.46,61,11221
Yuya,Nishikawa,Duelo,jp,686,8,423959.19,15,89312
-,-,Tensai,jp,687,9,423833.34,36,94721
Matthew,DeLisi,super,us,688,112,423599.69,28,35121
Renè,Borg,cajunb,dk,689,26,423344.8,150,4996
Jin Hyeok,Seo,Kanavi,kr,690,74,422850.76,17,70813
Paul,Boyer,sOAZ,fr,691,27,422314.88,77,1863
Joshua K,Rogers,Joshua Rogers,au,692,8,422139.99,33,56891
Jong Hyun,Jung,Mvp,kr,693,75,419621.15,70,1002
Murilo,Muzi,Muzi,br,694,17,418875.3,27,66745
Peyton,Tuma,Dez,us,695,113,418500.0,7,130303
Grant,Espe,Moth,us,697,114,418250.63,17,35563
Victor,Locquet,Fairy Peak!,fr,696,28,418284.9,216,36201
Ludvik Greger,Jahnsen,Aitzy,no,698,7,417991.72,48,43816
Duong,Huynh,Kinstaar,ch,699,1,417441.68,67,49559
Sung Won,Moon,MMA,kr,700,76,417169.17,112,1007
Hyo Bin,Choi,ChoiHyoBin,kr,701,77,417109.58,18,36883
Sergey,Pomerantsev,KITSUNE,ru,702,38,417080.96,33,66807
João,Vasconcellos,felps,br,703,18,415574.55,115,12173
Ádám,Torzsás,torzsi,hu,704,1,415551.22,79,44956
Ji Hoon,Jeong,Chovy,kr,705,78,415484.67,37,51473
Tomáš,Šťastný,oskar,cz,707,2,415090.87,147,5472
Luccas,Molina,Paluh,br,708,20,414508.26,39,45806
Noam,Ackenine,Megga,us,709,115,413738.32,65,61769
Farith,Puente,Matthew,pe,711,6,411682.26,74,39426
Tae Min,Choi,MER1T,kr,712,79,410873.38,29,55716
Sung Ho,Cho,Trap,kr,713,80,409745.58,240,3435
-,-,negima,jp,714,10,409517.18,1,103895
Jake,Grannan,Virtue,au,715,9,409420.9,40,55914
River,Handley,Riversan,us,716,116,409266.67,51,57617
Ørjan,Larsen,TheViper,no,717,8,409095.89,284,12243
Francois,Delaunay,Amanek,fr,718,29,408619.73,133,17622
Ander,Tobal,Neat,es,719,1,408545.17,33,88199
Alireza,Firouzja,Firouzja2003,ir,720,1,408468.09,120,76174
Zdravets,Galabov,Hylissang,bg,721,5,408311.14,52,8651
Jiantao,Song,DaoShi,cn,722,159,407738.6,15,101075
Juhani,Toivonen,Kantoraketti,fi,723,8,407396.56,38,40247
Jonathan Bryle,Santos De Guia,Bryle,ca,724,21,407027.65,53,43152
Yuri,Santos,yuurih,br,706,19,415375.42,123,32828
Artur,Ipatov,ShepparD,ru,725,39,406232.47,39,46968
Danil,Gabov,JoyStiCK,ru,726,40,406061.04,38,46969
Tao,Liu,Yuese,cn,727,160,405771.78,14,90600
Alec,Fultz,Fultz,us,728,117,405600.0,44,66746
Du Cong,Dang,NuckleDu,us,729,118,405246.72,106,3605
Gabriël,Rau,Bwipo,be,730,1,404878.32,37,27588
Spencer,Ealing,HugeGorilla,gb,731,15,404021.96,34,16759
Geon Hee,Cho,BeryL,kr,732,81,403857.83,19,41209
Kenta,Sato,glory,jp,733,11,403446.0,47,47080
Alexandre,Pianaro,bodyy,fr,734,30,403033.82,122,9565
Kaike,Cerato,kscerato,br,710,21,411688.18,108,47762
Valdemar,Vangså,Valde,dk,735,27,402880.86,111,17801
Guipeng,Li,KongJue,cn,736,161,402199.13,3,128802
-,-,Title,jp,737,12,402162.0,8,107460
Arslan,Siddique,Arslan Ash,pk,738,4,402131.9,51,61176
Xiang,Huang,TH000,cn,739,162,401927.69,161,1402
Edy,Juan,Newbz,us,740,119,401185.51,131,61631
Josiah,Berry,Slacked,us,741,120,401114.4,108,4143
Jinxiang,Zeng,顾居居,cn,742,163,401018.73,20,101079
Tae Sang,Kim,doinb,kr,743,82,400844.18,24,16021
Su,Heo,ShowMaker,kr,744,83,400600.01,28,59916
Dong Ha,Kim,Khan,kr,745,84,400503.04,31,8931
Mack,Aesoph,MackWood,us,746,121,400423.33,101,57599
Tyler,DeBondt,TwoWayRoco,us,747,122,400000.0,2,131490
Justin,Deese,Pistola,us,748,123,399835.0,83,1210
Trei,Morris,Zer0,gb,749,16,399383.73,84,18268
Alexis,Bernier,zen,fr,750,31,398551.53,55,89607
Taylor-Petrik,Gatschelhofer,Vic0try0na,at,751,3,397722.58,78,106881
Eric,Wright,ProblemWright,us,752,124,397700.0,19,5095
Kamil,Szkaradek,siuhy,pl,754,11,397286.55,57,83740
Emre,Yilmaz,EmreYilmaz,nl,755,8,397149.98,18,110314
Jianhui,Zhang,格子,cn,756,164,396805.81,16,89305
Kirill,Grishin,Kiryache,ru,757,42,396243.8,91,62495
Dorian,Berman,xertioN,il,758,5,395943.99,52,63109
Pyotr,Bolyshev,fame,ru,753,41,397363.44,69,79264
Tobias,Sieber,ShoWTimE,de,759,11,393064.08,350,3811
Gabriel,Vieira,caard,br,760,22,392954.18,96,65444
Adam Erwann Shah,bin Akhtar Hussein,343,my,761,11,392825.7,34,15806
Andrea,Radovanović,Radosin,fr,762,32,392657.58,73,88754
Rodrigo Lelis,Santos,Lelis,br,763,23,391360.94,67,17324
Fabiano,Caruana,FabianoCaruana,us,764,125,391349.56,88,75851
Lucas,Cardenas,Dukez,mx,765,4,391053.46,66,91141
Lucas,Miguel,carrilho,br,766,24,391043.13,28,79769
Kenny,Deo,Xepher,id,767,3,390723.24,50,29627
Frederik,Rasmussen,Frederik Rasmussen,dk,768,28,389709.78,13,56885
Bryan,Wrzek,Merc,us,769,126,389616.67,31,69543
He,Li,Xinhe,cn,770,165,389490.59,19,77960
Felipe Sá,Ferreira,nade,br,771,25,389144.93,12,112692
Ilya,Pevcaev,Illidan,ru,772,43,388809.49,80,3430
Jin Seo,Kim,Shu,kr,773,85,388196.41,22,42941
João,Gomes,Kamikaze,br,774,26,388164.31,31,41740
Bo,Wu,xwudd,cn,775,166,388060.88,43,104322
Tom,Paparratto,ZooMaa,us,776,127,387519.6,88,12582
Byung Goo,Song,Stork,kr,777,86,387248.21,151,1581
Mohammed,Harkous,Mo_aubameyang,de,778,12,387072.72,33,29449
Matthew,Solomon,Achieved,us,779,128,387000.0,30,67397
Kaibo,Yang,DaoZai,cn,780,167,386424.85,4,134341
Andrei,Piovezan,arT,br,781,27,386358.16,125,35525
Qing,Wang,ChenXia,cn,782,168,385775.17,9,60415
Shaohan,Yang,Erika,cn,783,169,385683.53,36,67853
Naltakyan Edgar,Armenovich,9Class,ru,784,44,385450.17,28,122816
Nicolaj,Jensen,Jensen,dk,785,29,385416.68,29,8706
Jaime,Ramos,Cyber,br,786,28,384651.91,37,53108
Martin,Styk,STYKO,sk,787,4,384019.67,133,5433
Youquan,Zhang,QingChen,cn,788,170,383904.54,15,89287
Andre,Türk,unlucky,at,789,4,383847.78,24,96977
Alexander,Kucheria,DkPhobos,ua,790,18,383575.32,48,11721
Tae Won,Park,March,kr,791,87,383210.97,40,4884
Jesper,Svenningsen,Zven,dk,792,30,381307.39,43,6132
Piyapon,Boonchuay,TheCruz,th,793,5,381210.28,18,77117
Hyun Je,Byun,mini,kr,794,88,381200.65,253,2935
Christian,Savina,Pakazs,pe,795,7,380705.2,52,79122
Boyuan,Jiang,Msir,cn,796,171,380600.97,15,89928
Qi,Zeng,Yagao,cn,797,172,380467.01,19,45419
Illias,Ganeev,illias,ru,798,45,380074.42,21,44388
Chuankai,Tao,Chuchen,cn,799,173,379640.68,16,60427
Do Hyeon,Park,Viper,kr,800,89,379382.13,25,44147
Yoon Jong,Jung,Rain,kr,801,90,379135.65,92,3041
Fabien,Fiey,KIOSHIMA,fr,802,33,379045.59,136,3998
Peng,Ou,Op,cn,803,174,378326.22,33,28343
Myung Woon,Kim,ZerO,kr,804,91,377898.04,211,1800
Denis,Kostin,seized,ru,805,46,377628.99,146,4587
Tianyu,Chen,Cty,cn,806,175,377526.26,25,4031
Quanjun,Wan,SuKi,cn,807,176,377272.16,18,95094
Anish,Giri,AnishGiri,nl,808,9,376889.15,57,75844
Artur,Bloch,Nerchio,pl,809,12,376554.08,451,1227
Dylan,Bosco,Bosco,us,811,129,376083.33,45,35905
Jae Yoon,Ma,sAviOr,kr,812,92,376082.44,42,1801
Jinwei,Chen,577,cn,813,177,376062.39,21,111045
Amine,Benayachi,Itachi,ma,810,1,376386.58,80,70234
Paulo,Damo da Rosa,PVDDR,br,814,29,375500.0,8,62600
Levi,de Weerd,Levi de Weerd,nl,815,10,375382.94,35,85333
Yuxin,Ma,YMao,cn,816,178,375233.81,15,101014
Nikolay,Bityukov,Mir,ru,817,47,375089.3,136,14824
Jens,Aasgaard,Snute,no,818,9,375038.71,313,1257
Jong In,Kim,PraY,kr,819,93,374943.56,37,3176
Joon Yeong,Park,Profit,kr,820,94,374144.66,21,37636
Niclas,Mouritzen,Pengu,dk,821,31,374107.39,34,40250
Karl,Zarth,Alem4o,br,822,30,373284.3,28,79181
Dennis,Edman,dennis,se,823,31,373282.24,102,2494
Tao,Luo,Bamboo,cn,824,179,373064.1,15,89295
Vitalii,Shulga,matic,ru,825,48,372639.71,26,66808
Qigui,Xiao,Li,cn,826,180,372315.37,4,108069
Aidan,Bernero,Ajerss,us,828,130,371522.51,103,84066
Zixuan,Zuo,Aixleft,cn,829,181,371037.68,57,55525
Aaron,Elam,Ace,us,830,131,371037.5,75,1177
Min Chul,Kim,Izayaki,kr,831,95,370914.62,23,50325
Wataru,Ishibashi,posesi,jp,832,13,370815.0,49,45830
Hyeon-Seok,Han,ChiYo,kr,833,96,370727.57,24,57281
Jae Gon,Lee,LeeJaeGon,kr,834,97,370390.41,29,55703
Andrii,Bondarenko,alwayswannafly,ua,835,19,370041.45,106,3096
Saleh,Bakhashwin,Rw9,sa,836,3,369949.44,76,95139
Paulo,Neto,Paulo Neto,br,837,31,369560.06,37,61473
Wenjie,Cao,阿杰,cn,838,182,369391.53,20,101011
Victor,Orudzhev,sdy,ua,839,20,369055.25,101,44436
Jose Leonardo,Padilla Hernandez,Panda,pe,840,8,366855.46,39,39528
Junze,Yan,Letme,cn,841,183,366745.59,20,13882
Purin,Rongkhankaew,Stoned,th,842,6,366303.1,38,75090
Maximilian,Broecker,qojqva,de,843,13,365940.08,92,3459
Malachi,Greiner,Reverse2k,us,845,132,365581.92,74,51618
Ethan,Pink,Fifakill,gb,847,17,364739.09,89,83602
Nathanial,Duvall,Rampy,us,848,133,364593.33,43,49653
Ivan,Antonov,ArtStyle,ua,849,21,364570.71,36,2575
Yu Min,Sung,CH0R0NG,kr,850,98,364160.23,17,65538
Billy,Putnam,MentaL,us,851,134,364051.67,97,32564
Benjamin,Bremer,blameF,dk,846,33,364836.08,96,44131
Manuel,Schenkhuizen,Grubby,nl,852,11,363571.93,174,1140
Kaifeng,Zhang,HuaYun,cn,853,184,361940.72,13,95079
Hamzah,El-Baher,Hera,ca,854,22,361713.01,219,25296
Makenzie,Kelley,Mack,us,855,135,361500.0,24,82367
Andrey,Kuropatkin,Dukalis,ru,856,49,360316.73,47,71501
Miron,Novikov,Effect,ru,857,50,360250.0,15,116486
Jin Woo,Im,Reset,kr,858,99,360243.52,30,18568
Ryan,Chaplo,Chap,us,859,136,360066.67,48,49926
Soo Ho,Park,DongRaeGu,kr,860,100,359737.09,240,1057
Gleb,Zyryanov,kiyotaka,ru,861,51,358999.36,29,91176
Jake,Brumleve,Poach,us,862,137,358933.33,30,49925
David,Danielyan,n0rb3r7,ru,864,52,357939.4,92,47289
Dylan,Short,Roth,us,865,139,357834.53,39,73049
Austin,Aebi,AYYJAYY,us,863,138,358325.95,133,51648
Seung Hoon,Heo,Huni,kr,866,101,357699.25,19,14665
Gabriel,Segat,HeRoMaRinE,de,867,14,357634.7,361,3518
Adam,Gray,Bound,us,868,140,357400.0,24,101182
Jae Ho,Lee,Light,kr,869,102,356809.06,225,2057
Supachai,Singkaew,SchwepXz,th,870,7,356335.44,37,101103
Florian,Rische,syrsoN,de,871,15,356304.37,144,9803
Jun Woo,Kang,Void,kr,872,103,356076.68,22,40107
Egor,Luciko,SwizzY,ru,873,53,355812.5,65,105706
Daniil,Gordeev,Tixzy,ru,874,54,355363.46,24,78257
Woon Sung,Kang,Ttsst,kr,875,104,354363.98,32,15724
Jord,van Geldere,Ibiza,nl,876,12,353969.63,57,45855
Amjad,Alshalabi,Angry Bird,ae,877,1,353835.71,29,43566
Yazid,Bakhashwin,Kiileerrz,sa,878,4,353731.08,60,98386
Aleksy,Jabłoński,Japko,pl,879,13,353112.5,49,109498
Bono,Huis,Bono Huis,nl,880,13,353101.06,27,46659
Jakob,Nygaard,Jabbi,dk,827,32,371842.08,66,64166
Young Han,Kim,Sp9rk1e,kr,881,105,353088.93,21,42890
Kouki,Sekigawa,Devine,jp,882,14,353085.3,13,78493
Jack,Cizek,Cizzorz,us,883,141,353016.67,8,55949
John,Salter,BaRRaCCuDDa,us,884,142,353006.65,27,9957
Min Seung,Kang,Haru,kr,885,106,352776.52,15,31016
Tae Hoon,Kim,Edison,kr,886,107,352402.69,16,51536
Shuo-Chieh,Hu,SwordArt,tw,887,7,352298.16,38,4634
Casper,Notto,Hunterace,no,888,10,352116.26,37,39487
Qilun,Xiao,XqLuN,cn,889,185,351641.24,41,13554
Nils,Gruhne,k1to,de,890,16,351469.9,154,33264
Mathias,Lauridsen,MSL,dk,891,34,351357.64,133,3673
Oscar Dalgas,Refsgaard,Refsgaard,dk,892,35,351318.16,136,67338
Alexis,Eusebio,MarineLorD,fr,893,34,351211.67,223,4574
Engin,Küpeli,MAJ3R,tr,844,3,365614.44,109,2466
Alexey,Tolov,mequ,ru,894,55,350563.46,23,78251
Biao,Wang,Mix6GG,cn,895,186,350465.89,8,101004
Karl,Baldovino,Karl,ph,896,11,349796.67,32,47628
Ratchanon,Kunrayason,Moshi,th,897,8,349386.73,18,105769
Jung Soo,Kim,Surrender,kr,898,108,349001.57,55,10605
Weiliang,Lu,Fly100%,cn,899,187,348697.8,154,1338
Pavel,Beltiukov,Pavel,ru,900,56,348648.0,33,17887
Paweł,Dycha,dycha,pl,901,14,348562.94,120,43492
-,-,sitetampo,jp,902,15,348500.02,33,100425
Saieful,Ilham,Fbz,id,903,4,348063.38,60,49358
Henrique,Teles,hen1,br,904,32,347933.86,126,12170
Kang,Wang,shou,cn,905,188,346860.96,42,49801
Justin,Fargo-Palmer,SiLLY,us,906,143,346638.85,47,18332
Hyeong Seok,Jang,Looper,kr,907,109,346636.78,17,4629
Roan,Aléssio,Revo,br,908,33,346603.13,25,97526
Pavle,Bošković,Maden,me,909,1,346515.56,91,47803
Mikołaj,Ogonowski,Elazer,pl,910,15,346184.65,292,11418
Seon Chang,Lee,ANS,kr,911,110,345667.8,16,50329
Yuk Cheung,Wong,Chris Wong,hk,912,2,345537.33,14,29427
Byung Jae,Koh,GuMiho,kr,913,111,345511.1,509,1064
Jack,Robertson,Doki,gb,914,18,345190.22,32,60057
Drini,Gjoka,Drini,us,915,144,345000.0,17,50445
Konstantin,Levkin,Mellman,ge,916,1,344693.1,37,63774
Tyler,Polchow,TeePee,us,917,145,344453.71,106,3704
ZhanYa,Tu,Xbei,cn,918,189,344079.3,49,66535
Adil,Benrlitom,ScreaM,be,919,2,342674.11,153,3678
Aleksandr,Pirogov,alyaGG,ru,920,57,342518.1,34,67975
Nolan,Burdick,Shinboi,ca,921,23,342382.75,43,75447
Joseph,Mauro,Ritual,us,922,146,341570.83,71,68630
-,-,Zand,dk,923,36,341325.0,3,65116
Tyler,-,hiimtylerh,ca,924,24,341250.0,1,65114
Stephan,-,Suezhoo,be,925,3,341250.0,1,65115
Lucas,Schinke,soulz1,br,926,34,340440.98,26,77295
Caio,da Silva,caiotg1,br,927,35,340338.55,97,33782
Fabian,Hällsten​,Fabian,se,928,32,340115.99,26,40251
Jonathan,Marquez,Jonbeast,us,929,147,340000.0,12,110409
Sebastian,Job,Sebastian Job,gb,930,19,339454.92,29,56887
Mason,Venne,mason,us,931,148,339235.49,25,9511
Daniel,Henrique vaz,Mafioso,br,932,36,339173.13,22,91128
David,Caero,Dog,us,933,149,339090.89,59,11897
Kento,Suzuki,SaRa,jp,934,16,338440.79,15,69535
Philip,Aistrup Larsen,aizy,dk,935,37,337991.67,121,5035
Ahmad,Abdullah,Ahmad,sa,936,5,337858.06,90,76789
Derek,Ruffin,iDom,us,937,150,337762.37,99,51250
Yoon Yeol,Lee,NaDa,kr,938,112,337401.66,70,1008
Rachata,Saethian,GetHigh,th,939,9,337149.84,21,105770
Brian,Eason,bloodyface,us,940,151,336578.0,52,29787
Nathan,Amundson,Reet,us,941,152,336480.78,96,80705
Peter,Peng,Doublelift,us,942,153,336475.81,55,1853
Tizian,Feldbusch,tiziaN,de,943,17,336389.74,151,3959
Danila,Dontsov,Dan,ru,944,58,335465.32,29,65789
Yuchao,Zhou,Frozen,cn,945,190,335423.13,17,103229
Zhubiao,Long,ZuiChu,cn,946,191,335372.09,8,60416
Jack,Benton,ApparentlyJack,gb,947,20,335292.82,99,81613
Tshaka,Taylor,Arsenal,us,948,154,335254.62,115,56419
Daying,Wei,xxxLu,cn,949,192,335194.39,34,73839
Per Anders,Olsson-Lille,Pajkatt,se,950,33,334875.27,67,2614
Jae Hee,Hong,Gesture,kr,951,113,334811.33,16,37635
Zhiqi,Shu,General,cn,952,193,334699.91,13,69522
Weixiang,Lin,Lwx,cn,953,194,334653.16,16,29096
Mikhail,Stolyarov,Dosia,ru,954,59,334535.7,143,1494
Feng,Zhou,YiQu,cn,955,195,334431.35,13,101113
Pedro,Ribeiro,sparkingg,br,956,37,334427.5,36,76030
Robert,Kyser,comm,us,957,155,334157.99,95,68106
Wenqiang,Wang,Bell,cn,958,196,333949.5,7,119982
Xiaoming,Chi,Ming,cn,959,197,333220.11,15,97606
Dong Nyoung,Lee,Leenock,kr,960,114,333082.56,186,1025
Andrea,Mengucci,Andrea Mengucci,it,961,2,332300.0,10,62619
Gilbert,Rojo,Xplosive,ph,962,12,332275.0,103,32565
Thomas,Mulligan,72hrs,us,963,156,332233.33,42,49923
Miikka,Kemppi,suNny,fi,964,9,331580.05,95,5499
Thomas,Hörak,Tschiiinken,at,965,5,331376.94,30,55138
Rongxin,Yang,XiaoA,cn,966,198,331301.61,15,89913
Morten,Mehmert,Morten,de,967,18,331050.0,29,55839
Brent,Mullany,Poonage,us,968,157,330927.25,36,48306
Haitao,Xiao,Lon9z,cn,969,199,330494.02,15,89291
Frederik,Gyldstrand,acoR,dk,970,38,330441.37,94,33555
Mark,Zakhary,Mark11,au,971,10,330391.17,19,101845
Yang,Liu,OnlyS,cn,972,200,330084.71,16,89290
Youci,Huang,Dd,cn,973,201,329996.78,12,104303
Beom Hyeon,Kang,GorillA,kr,974,115,329758.45,29,4469
Kurtis,Bond,Purdy,us,975,158,329700.29,57,48307
Corbin,Lee,C0M,us,976,159,329613.34,17,41031
Jimi,Salo,Jimpphat,fi,977,10,329232.74,41,82102
Jeong Wan,Ham,SOMEONE,kr,978,116,329031.1,21,90431
Vinicius,Figueiredo,VINI,br,979,38,328757.81,113,17434
Pittner,Armand,bOne7,ro,980,3,328744.99,61,4029
William,Paquin-Brien,Fatch,ca,981,25,328495.0,40,65746
Blaž,Lešnik,K1nzell,si,982,3,328247.53,68,52467
Chenyi,Yao,闪电,cn,983,202,327830.08,10,103233
Xuezhuang,Su,SuNan,cn,984,203,327805.55,19,95114
Evan,Moore,SuperEvan,us,985,160,327197.06,93,52105
Noah,Rey,Noahreyli,ch,986,2,327070.24,110,68302
Yiran,Xu,Six,cn,987,204,326950.96,31,21418
Vinny,Gilgan,Vinny1x,us,988,161,326913.8,24,55994
Rosario,Villardi,JeffHindla,us,989,162,326614.31,18,11479
Adam,Garcia,Assault,us,990,163,325927.76,54,17158
Sanjar,Kuliev,SANJI,uz,991,2,325242.42,66,49029
Oscar,Cañellas Colocho,mixwell,es,992,2,325177.35,106,7789
Seung Bin,Gu,imp,kr,993,117,325082.77,29,3513
Kyle,Storer,torment,us,994,164,325021.97,147,32240
Airat,Gaziev,Silent,ru,995,60,324990.29,92,3259
Yachao,Zhang,pickfeet,cn,996,205,324705.39,13,95104
Andrew,Woodward,Andinster,us,997,165,324506.65,18,9955
Zihao,Gao,A Hao,cn,998,206,324405.0,9,107458
Yangwei,Yan,wei,cn,999,207,324276.51,13,65157
Yunhui,Feng,Beautiful,cn,1000,208,323998.39,12,95105
